,Date,CNYKRW
0,2019-12-05,168.8
1,2019-12-04,169.07
2,2019-12-03,168.4
3,2019-12-02,168.34
4,2019-11-29,167.98
5,2019-11-28,167.71
6,2019-11-27,167.81
7,2019-11-26,167.25
8,2019-11-25,167.36
9,2019-11-22,167.31
10,2019-11-21,167.17
11,2019-11-20,166.34
12,2019-11-19,166.04
13,2019-11-18,166.11
14,2019-11-15,166.42
15,2019-11-14,166.67
16,2019-11-13,166.49
17,2019-11-12,166.01
18,2019-11-11,166.26
19,2019-11-08,165.66
20,2019-11-07,165.76
21,2019-11-06,165.45
22,2019-11-05,165.28
23,2019-11-04,165.01
24,2019-11-01,165.73
25,2019-10-31,165.75
26,2019-10-30,165.36
27,2019-10-29,165.37
28,2019-10-28,165.69
29,2019-10-25,166.16
30,2019-10-24,165.94
31,2019-10-23,165.81
32,2019-10-22,165.73
33,2019-10-21,165.84
34,2019-10-18,166.71
35,2019-10-17,166.76
36,2019-10-16,167.39
37,2019-10-15,167.47
38,2019-10-14,167.55
39,2019-10-11,167.16
40,2019-10-10,167.78
41,2019-10-08,167.3
42,2019-10-07,167.9
43,2019-10-04,168.03
44,2019-10-02,168.65
45,2019-10-01,168.07
46,2019-09-30,167.86
47,2019-09-27,168.51
48,2019-09-26,168.42
49,2019-09-25,168.46
50,2019-09-24,168.21
51,2019-09-23,168.18
52,2019-09-20,167.78
53,2019-09-19,168.46
54,2019-09-18,168.22
55,2019-09-17,167.89
56,2019-09-16,167.65
57,2019-09-11,167.98
58,2019-09-10,167.77
59,2019-09-09,167.52
60,2019-09-06,167.94
61,2019-09-05,168.03
62,2019-09-04,168.76
63,2019-09-03,169.31
64,2019-09-02,168.97
65,2019-08-30,169.2
66,2019-08-29,169.59
67,2019-08-28,169.44
68,2019-08-27,169.4
69,2019-08-26,169.78
70,2019-08-23,170.73
71,2019-08-22,170.65
72,2019-08-21,170.2
73,2019-08-20,170.95
74,2019-08-19,171.55
75,2019-08-16,171.82
76,2019-08-14,172.67
77,2019-08-13,172.35
78,2019-08-12,171.68
79,2019-08-09,171.08
80,2019-08-08,170.97
81,2019-08-07,171.62
82,2019-08-06,172.01
83,2019-08-05,171.52
84,2019-08-02,172.36
85,2019-08-01,172.03
86,2019-07-31,171.7
87,2019-07-30,171.52
88,2019-07-29,171.78
89,2019-07-26,172.18
90,2019-07-25,171.86
91,2019-07-24,171.37
92,2019-07-23,171.32
93,2019-07-22,171.18
94,2019-07-19,170.88
95,2019-07-18,171.18
96,2019-07-17,171.66
97,2019-07-16,171.37
98,2019-07-15,171.65
99,2019-07-12,171.28
100,2019-07-11,170.87
101,2019-07-10,171.47
102,2019-07-09,171.63
103,2019-07-08,171.37
104,2019-07-05,170.27
105,2019-07-04,169.99
106,2019-07-03,169.88
107,2019-07-02,169.69
108,2019-07-01,169.88
109,2019-06-28,168.05
110,2019-06-27,168.15
111,2019-06-26,168.21
112,2019-06-25,168.0
113,2019-06-24,168.29
114,2019-06-21,169.27
115,2019-06-20,169.28
116,2019-06-19,170.32
117,2019-06-18,170.98
118,2019-06-17,171.27
119,2019-06-14,171.02
120,2019-06-13,170.64
121,2019-06-12,170.7
122,2019-06-11,170.53
123,2019-06-10,170.64
124,2019-06-07,170.59
125,2019-06-05,170.21
126,2019-06-04,170.85
127,2019-06-03,170.75
128,2019-05-31,171.58
129,2019-05-30,172.02
130,2019-05-29,172.48
131,2019-05-28,171.7
132,2019-05-27,171.44
133,2019-05-24,171.75
134,2019-05-23,171.67
135,2019-05-22,171.8
136,2019-05-21,172.27
137,2019-05-20,172.06
138,2019-05-17,172.1
139,2019-05-16,172.31
140,2019-05-15,172.16
141,2019-05-14,171.93
142,2019-05-13,172.03
143,2019-05-10,172.21
144,2019-05-09,172.7
145,2019-05-08,172.34
146,2019-05-07,172.32
147,2019-05-03,173.41
148,2019-05-02,172.79
149,2019-04-30,173.15
150,2019-04-29,172.22
151,2019-04-26,172.16
152,2019-04-25,172.21
153,2019-04-24,171.19
154,2019-04-23,169.99
155,2019-04-22,170.08
156,2019-04-19,169.46
157,2019-04-18,169.79
158,2019-04-17,169.55
159,2019-04-16,169.34
160,2019-04-15,168.95
161,2019-04-12,169.33
162,2019-04-11,169.65
163,2019-04-10,169.3
164,2019-04-09,169.78
165,2019-04-08,170.33
166,2019-04-05,169.5
167,2019-04-04,169.26
168,2019-04-03,168.99
169,2019-04-02,169.07
170,2019-04-01,168.92
171,2019-03-29,169.13
172,2019-03-28,168.76
173,2019-03-27,168.86
174,2019-03-26,168.79
175,2019-03-25,168.78
176,2019-03-22,168.78
177,2019-03-21,168.64
178,2019-03-20,168.79
179,2019-03-19,168.29
180,2019-03-18,168.73
181,2019-03-15,169.16
182,2019-03-14,168.72
183,2019-03-13,168.67
184,2019-03-12,168.33
185,2019-03-11,168.53
186,2019-03-08,168.9
187,2019-03-07,168.27
188,2019-03-06,168.11
189,2019-03-05,167.94
190,2019-03-04,168.19
191,2019-02-28,168.13
192,2019-02-27,167.51
193,2019-02-26,167.11
194,2019-02-25,167.61
195,2019-02-22,167.43
196,2019-02-21,167.59
197,2019-02-20,167.12
198,2019-02-19,166.55
199,2019-02-18,166.27
200,2019-02-15,166.6
201,2019-02-14,166.16
202,2019-02-13,165.84
203,2019-02-12,166.04
204,2019-02-11,165.54
205,2019-02-08,165.82
206,2019-02-07,166.03
207,2019-02-01,165.93
208,2019-01-31,165.79
209,2019-01-30,166.19
210,2019-01-29,165.6
211,2019-01-28,165.65
212,2019-01-25,165.65
213,2019-01-24,166.13
214,2019-01-23,166.07
215,2019-01-22,166.11
216,2019-01-21,166.1
217,2019-01-18,165.38
218,2019-01-17,165.76
219,2019-01-16,165.86
220,2019-01-15,166.05
221,2019-01-14,165.99
222,2019-01-11,165.05
223,2019-01-10,164.94
224,2019-01-09,164.18
225,2019-01-08,164.16
226,2019-01-07,163.45
227,2019-01-04,163.43
228,2019-01-03,163.7
229,2019-01-02,163.34
230,2018-12-31,162.35
231,2018-12-28,162.31
232,2018-12-27,163.01
233,2018-12-26,163.36
234,2018-12-24,163.02
235,2018-12-21,162.68
236,2018-12-20,162.97
237,2018-12-19,163.34
238,2018-12-18,163.92
239,2018-12-17,164.03
240,2018-12-14,164.33
241,2018-12-13,163.55
242,2018-12-12,163.96
243,2018-12-11,163.87
244,2018-12-10,163.17
245,2018-12-07,163.0
246,2018-12-06,162.62
247,2018-12-05,162.38
248,2018-12-04,162.06
249,2018-12-03,161.38
250,2018-11-30,161.62
251,2018-11-29,161.57
252,2018-11-28,162.34
253,2018-11-27,162.74
254,2018-11-26,162.78
255,2018-11-23,163.15
256,2018-11-22,163.21
257,2018-11-21,163.13
258,2018-11-20,162.61
259,2018-11-19,162.53
260,2018-11-16,163.12
261,2018-11-15,163.11
262,2018-11-14,163.09
263,2018-11-13,163.07
264,2018-11-12,163.45
265,2018-11-09,162.57
266,2018-11-08,161.27
267,2018-11-07,162.06
268,2018-11-06,162.62
269,2018-11-05,162.42
270,2018-11-02,162.23
271,2018-11-01,163.17
272,2018-10-31,163.48
273,2018-10-30,163.43
274,2018-10-29,163.98
275,2018-10-26,164.04
276,2018-10-25,163.75
277,2018-10-24,163.22
278,2018-10-23,163.76
279,2018-10-22,162.93
280,2018-10-19,163.39
281,2018-10-18,163.53
282,2018-10-17,162.78
283,2018-10-16,162.77
284,2018-10-15,163.86
285,2018-10-12,163.92
286,2018-10-11,165.33
287,2018-10-10,163.95
288,2018-10-08,164.16
289,2018-10-05,164.04
290,2018-10-04,163.76
291,2018-10-02,162.65
292,2018-10-01,161.49
293,2018-09-28,161.6
294,2018-09-27,161.61
295,2018-09-21,163.17
296,2018-09-20,163.67
297,2018-09-19,163.61
298,2018-09-18,163.59
299,2018-09-17,164.14
300,2018-09-14,163.31
301,2018-09-13,163.96
302,2018-09-12,164.09
303,2018-09-11,163.91
304,2018-09-10,164.33
305,2018-09-07,164.0
306,2018-09-06,164.05
307,2018-09-05,163.95
308,2018-09-04,163.11
309,2018-09-03,162.75
310,2018-08-31,163.08
311,2018-08-30,162.3
312,2018-08-29,163.04
313,2018-08-28,163.0
314,2018-08-27,163.61
315,2018-08-24,163.56
316,2018-08-23,163.15
317,2018-08-22,163.58
318,2018-08-21,163.45
319,2018-08-20,163.82
320,2018-08-17,163.99
321,2018-08-16,164.23
322,2018-08-14,164.0
323,2018-08-13,164.92
324,2018-08-10,164.57
325,2018-08-09,164.09
326,2018-08-08,163.78
327,2018-08-07,164.17
328,2018-08-06,164.05
329,2018-08-03,164.69
330,2018-08-02,164.6
331,2018-08-01,164.43
332,2018-07-31,163.56
333,2018-07-30,163.63
334,2018-07-27,163.55
335,2018-07-26,165.15
336,2018-07-25,166.2
337,2018-07-24,166.23
338,2018-07-23,166.79
339,2018-07-20,167.28
340,2018-07-19,167.27
341,2018-07-18,167.92
342,2018-07-17,168.03
343,2018-07-16,168.6
344,2018-07-13,168.81
345,2018-07-12,168.51
346,2018-07-11,167.67
347,2018-07-10,168.18
348,2018-07-09,168.16
349,2018-07-06,167.79
350,2018-07-05,168.52
351,2018-07-04,168.24
352,2018-07-03,167.63
353,2018-07-02,167.63
354,2018-06-29,168.23
355,2018-06-28,169.59
356,2018-06-27,169.64
357,2018-06-26,169.74
358,2018-06-25,170.43
359,2018-06-22,171.0
360,2018-06-21,171.25
361,2018-06-20,170.89
362,2018-06-19,171.91
363,2018-06-18,171.04
364,2018-06-15,171.02
365,2018-06-14,169.29
366,2018-06-12,168.51
367,2018-06-11,168.15
368,2018-06-08,168.21
369,2018-06-07,167.58
370,2018-06-05,167.29
371,2018-06-04,167.18
372,2018-06-01,167.65
373,2018-05-31,168.21
374,2018-05-30,168.48
375,2018-05-29,168.28
376,2018-05-28,168.04
377,2018-05-25,169.04
378,2018-05-24,169.13
379,2018-05-23,169.55
380,2018-05-21,170.38
381,2018-05-18,169.89
382,2018-05-17,170.08
383,2018-05-16,169.9
384,2018-05-15,169.32
385,2018-05-14,169.0
386,2018-05-11,168.76
387,2018-05-10,169.2
388,2018-05-09,169.63
389,2018-05-08,169.49
390,2018-05-04,169.28
391,2018-05-03,169.27
392,2018-05-02,169.35
393,2018-04-30,169.28
394,2018-04-27,169.37
395,2018-04-26,170.71
396,2018-04-25,171.05
397,2018-04-24,170.79
398,2018-04-23,170.91
399,2018-04-20,170.34
400,2018-04-19,169.42
401,2018-04-18,169.9
402,2018-04-17,170.31
403,2018-04-16,171.23
404,2018-04-13,170.34
405,2018-04-12,170.59
406,2018-04-11,170.29
407,2018-04-10,169.82
408,2018-04-09,169.52
409,2018-04-06,169.31
410,2018-04-05,168.42
411,2018-04-04,168.67
412,2018-04-03,168.33
413,2018-04-02,168.37
414,2018-03-30,169.65
415,2018-03-29,169.93
416,2018-03-28,170.28
417,2018-03-27,171.3
418,2018-03-26,172.2
419,2018-03-23,170.98
420,2018-03-22,170.44
421,2018-03-21,169.49
422,2018-03-20,169.32
423,2018-03-19,169.71
424,2018-03-16,168.92
425,2018-03-15,168.84
426,2018-03-14,168.72
427,2018-03-13,168.52
428,2018-03-12,168.67
429,2018-03-09,169.08
430,2018-03-08,169.21
431,2018-03-07,169.3
432,2018-03-06,169.46
433,2018-03-05,170.6
434,2018-03-02,170.61
435,2018-02-28,171.15
436,2018-02-27,170.04
437,2018-02-26,170.06
438,2018-02-23,170.32
439,2018-02-22,170.87
440,2018-02-21,169.78
441,2018-02-20,169.46
442,2018-02-19,169.45
443,2018-02-14,170.42
444,2018-02-13,171.17
445,2018-02-12,171.26
446,2018-02-09,172.52
447,2018-02-08,171.51
448,2018-02-07,172.78
449,2018-02-06,172.91
450,2018-02-05,173.32
451,2018-02-02,172.69
452,2018-02-01,170.2
453,2018-01-31,169.84
454,2018-01-30,169.37
455,2018-01-29,169.08
456,2018-01-26,168.55
457,2018-01-25,167.95
458,2018-01-24,167.6
459,2018-01-23,167.97
460,2018-01-22,167.22
461,2018-01-19,166.92
462,2018-01-18,166.78
463,2018-01-17,166.32
464,2018-01-16,165.42
465,2018-01-15,165.52
466,2018-01-12,164.73
467,2018-01-11,164.6
468,2018-01-10,164.13
469,2018-01-09,163.95
470,2018-01-08,164.46
471,2018-01-05,164.25
472,2018-01-04,163.92
473,2018-01-03,164.27
474,2018-01-02,163.82
475,2017-12-29,164.01
476,2017-12-28,163.85
477,2017-12-27,163.96
478,2017-12-26,164.4
479,2017-12-22,164.43
480,2017-12-21,164.66
481,2017-12-20,164.69
482,2017-12-19,164.3
483,2017-12-18,164.56
484,2017-12-15,165.02
485,2017-12-14,164.68
486,2017-12-13,164.92
487,2017-12-12,164.73
488,2017-12-11,164.95
489,2017-12-08,165.23
490,2017-12-07,165.27
491,2017-12-06,165.28
492,2017-12-05,164.4
493,2017-12-04,164.4
494,2017-12-01,164.48
495,2017-11-30,164.41
496,2017-11-29,163.29
497,2017-11-28,163.95
498,2017-11-27,165.06
499,2017-11-24,164.72
500,2017-11-23,164.99
501,2017-11-22,164.92
502,2017-11-21,164.65
503,2017-11-20,165.56
504,2017-11-17,165.58
505,2017-11-16,165.55
506,2017-11-15,167.23
507,2017-11-14,168.27
508,2017-11-13,168.52
509,2017-11-10,168.23
510,2017-11-09,168.34
511,2017-11-08,168.16
512,2017-11-07,167.77
513,2017-11-06,167.92
514,2017-11-03,168.45
515,2017-11-02,168.47
516,2017-11-01,168.65
517,2017-10-31,168.81
518,2017-10-30,169.23
519,2017-10-27,169.93
520,2017-10-26,169.73
521,2017-10-25,169.69
522,2017-10-24,170.28
523,2017-10-23,170.28
524,2017-10-20,171.03
525,2017-10-19,171.22
526,2017-10-18,170.89
527,2017-10-17,171.18
528,2017-10-16,171.64
529,2017-10-13,171.54
530,2017-10-12,172.27
531,2017-10-11,172.34
532,2017-10-10,172.71
533,2017-09-29,172.64
534,2017-09-28,172.37
535,2017-09-27,172.16
536,2017-09-26,171.8
537,2017-09-25,171.45
538,2017-09-22,172.51
539,2017-09-21,172.17
540,2017-09-20,171.89
541,2017-09-19,171.79
542,2017-09-18,171.69
543,2017-09-15,173.0
544,2017-09-14,173.05
545,2017-09-13,172.72
546,2017-09-12,172.6
547,2017-09-11,173.62
548,2017-09-08,174.51
549,2017-09-07,173.86
550,2017-09-06,173.43
551,2017-09-05,172.63
552,2017-09-04,173.27
553,2017-09-01,170.73
554,2017-08-31,170.62
555,2017-08-30,170.64
556,2017-08-29,170.54
557,2017-08-28,169.24
558,2017-08-25,169.34
559,2017-08-24,169.3
560,2017-08-23,169.86
561,2017-08-22,170.16
562,2017-08-21,170.7
563,2017-08-18,170.92
564,2017-08-17,170.39
565,2017-08-16,170.16
566,2017-08-14,170.68
567,2017-08-11,171.52
568,2017-08-10,171.12
569,2017-08-09,170.2
570,2017-08-08,167.92
571,2017-08-07,167.87
572,2017-08-04,167.3
573,2017-08-03,167.75
574,2017-08-02,167.05
575,2017-08-01,167.0
576,2017-07-31,166.38
577,2017-07-28,166.6
578,2017-07-27,165.51
579,2017-07-26,165.8
580,2017-07-25,165.51
581,2017-07-24,165.23
582,2017-07-21,165.54
583,2017-07-20,166.25
584,2017-07-19,166.25
585,2017-07-18,166.67
586,2017-07-17,166.83
587,2017-07-14,167.43
588,2017-07-13,167.79
589,2017-07-12,168.43
590,2017-07-11,169.23
591,2017-07-10,169.03
592,2017-07-07,169.68
593,2017-07-06,170.18
594,2017-07-05,169.7
595,2017-07-04,169.09
596,2017-07-03,169.18
597,2017-06-30,168.85
598,2017-06-29,168.31
599,2017-06-28,168.06
600,2017-06-27,166.94
601,2017-06-26,165.55
602,2017-06-23,166.49
603,2017-06-22,167.26
604,2017-06-21,167.26
605,2017-06-20,167.03
606,2017-06-19,166.42
607,2017-06-16,166.43
608,2017-06-15,165.89
609,2017-06-14,165.64
610,2017-06-13,166.2
611,2017-06-12,166.63
612,2017-06-09,165.63
613,2017-06-08,165.64
614,2017-06-07,165.93
615,2017-06-05,165.06
616,2017-06-02,165.64
617,2017-06-01,166.19
618,2017-05-31,165.08
619,2017-05-30,164.83
620,2017-05-29,164.49
621,2017-05-26,164.0
622,2017-05-25,163.53
623,2017-05-24,163.26
624,2017-05-23,163.31
625,2017-05-22,162.5
626,2017-05-19,163.24
627,2017-05-18,164.41
628,2017-05-17,162.82
629,2017-05-16,162.12
630,2017-05-15,162.92
631,2017-05-12,163.6
632,2017-05-11,163.67
633,2017-05-10,164.4
634,2017-05-08,164.07
635,2017-05-04,164.89
636,2017-05-02,164.08
637,2017-04-28,165.29
638,2017-04-27,164.34
639,2017-04-26,164.04
640,2017-04-25,164.14
641,2017-04-24,164.07
642,2017-04-21,164.94
643,2017-04-20,165.37
644,2017-04-19,165.82
645,2017-04-18,165.99
646,2017-04-17,165.38
647,2017-04-14,165.89
648,2017-04-13,164.34
649,2017-04-12,165.18
650,2017-04-11,165.93
651,2017-04-10,165.53
652,2017-04-07,164.77
653,2017-04-06,164.18
654,2017-04-05,163.82
655,2017-04-04,163.46
656,2017-04-03,162.67
657,2017-03-31,162.62
658,2017-03-30,162.57
659,2017-03-29,162.05
660,2017-03-28,162.19
661,2017-03-27,161.89
662,2017-03-24,163.28
663,2017-03-23,163.24
664,2017-03-22,163.24
665,2017-03-21,162.86
666,2017-03-20,162.16
667,2017-03-17,164.19
668,2017-03-16,164.56
669,2017-03-15,166.38
670,2017-03-14,166.64
671,2017-03-13,166.46
672,2017-03-10,167.3
673,2017-03-09,167.98
674,2017-03-08,166.65
675,2017-03-07,166.64
676,2017-03-06,167.55
677,2017-03-03,167.66
678,2017-03-02,166.37
679,2017-02-28,164.83
680,2017-02-27,165.34
681,2017-02-24,165.06
682,2017-02-23,165.72
683,2017-02-22,166.74
684,2017-02-21,167.04
685,2017-02-20,167.31
686,2017-02-17,167.97
687,2017-02-16,166.7
688,2017-02-15,166.43
689,2017-02-14,166.15
690,2017-02-13,167.38
691,2017-02-10,167.4
692,2017-02-09,167.0
693,2017-02-08,167.29
694,2017-02-07,167.9
695,2017-02-06,167.16
696,2017-02-03,168.37
697,2017-02-02,167.83
698,2017-02-01,169.54
699,2017-01-31,169.84
700,2017-01-26,170.56
701,2017-01-25,170.8
702,2017-01-24,171.23
703,2017-01-23,171.31
704,2017-01-20,171.56
705,2017-01-19,172.23
706,2017-01-18,171.98
707,2017-01-17,172.16
708,2017-01-16,172.62
709,2017-01-13,171.8
710,2017-01-12,172.36
711,2017-01-11,173.53
712,2017-01-10,174.02
713,2017-01-09,175.16
714,2017-01-06,175.06
715,2017-01-05,174.13
716,2017-01-04,174.29
717,2017-01-03,173.21
718,2017-01-02,173.44
719,2016-12-30,172.82
720,2016-12-29,173.51
721,2016-12-28,173.9
722,2016-12-27,173.51
723,2016-12-26,172.81
724,2016-12-23,173.32
725,2016-12-22,173.4
726,2016-12-21,172.58
727,2016-12-20,172.06
728,2016-12-19,171.23
729,2016-12-16,170.74
730,2016-12-15,170.81
731,2016-12-14,169.08
732,2016-12-13,168.46
733,2016-12-12,168.59
734,2016-12-09,169.05
735,2016-12-08,168.35
736,2016-12-07,168.48
737,2016-12-06,170.27
738,2016-12-05,170.63
739,2016-12-02,170.58
740,2016-12-01,169.7
741,2016-11-30,169.92
742,2016-11-29,169.52
743,2016-11-28,169.43
744,2016-11-25,169.45
745,2016-11-24,169.98
746,2016-11-23,169.57
747,2016-11-22,170.25
748,2016-11-21,170.82
749,2016-11-18,170.89
750,2016-11-17,170.77
751,2016-11-16,170.51
752,2016-11-15,170.15
753,2016-11-14,171.33
754,2016-11-11,171.27
755,2016-11-10,169.77
756,2016-11-09,169.59
757,2016-11-08,167.28
758,2016-11-07,168.59
759,2016-11-04,169.2
760,2016-11-03,168.74
761,2016-11-02,169.07
762,2016-11-01,168.48
763,2016-10-31,168.76
764,2016-10-28,168.65
765,2016-10-27,168.52
766,2016-10-26,167.42
767,2016-10-25,167.13
768,2016-10-24,167.06
769,2016-10-21,168.48
770,2016-10-20,167.39
771,2016-10-19,166.58
772,2016-10-18,167.32
773,2016-10-17,168.99
774,2016-10-14,168.36
775,2016-10-13,168.42
776,2016-10-12,167.69
777,2016-10-11,167.06
778,2016-10-10,165.53
779,2016-10-07,166.35
780,2016-10-06,166.63
781,2016-10-05,166.44
782,2016-10-04,166.02
783,2016-09-30,165.34
784,2016-09-29,164.77
785,2016-09-28,164.27
786,2016-09-27,164.56
787,2016-09-26,166.0
788,2016-09-23,165.26
789,2016-09-22,164.94
790,2016-09-21,167.1
791,2016-09-20,167.53
792,2016-09-19,168.13
793,2016-09-13,168.35
794,2016-09-12,166.98
795,2016-09-09,165.23
796,2016-09-08,163.5
797,2016-09-07,163.52
798,2016-09-06,165.4
799,2016-09-05,165.38
800,2016-09-02,166.92
801,2016-09-01,167.71
802,2016-08-31,167.05
803,2016-08-30,167.08
804,2016-08-29,167.78
805,2016-08-26,166.9
806,2016-08-25,167.44
807,2016-08-24,168.3
808,2016-08-23,167.98
809,2016-08-22,168.59
810,2016-08-19,168.21
811,2016-08-18,167.31
812,2016-08-17,167.47
813,2016-08-16,164.96
814,2016-08-12,166.31
815,2016-08-11,165.65
816,2016-08-10,164.94
817,2016-08-09,165.72
818,2016-08-08,166.18
819,2016-08-05,167.03
820,2016-08-04,167.68
821,2016-08-03,168.48
822,2016-08-02,166.85
823,2016-08-01,166.73
824,2016-07-29,167.86
825,2016-07-28,169.25
826,2016-07-27,169.94
827,2016-07-26,170.43
828,2016-07-25,170.2
829,2016-07-22,170.38
830,2016-07-21,170.67
831,2016-07-20,170.89
832,2016-07-19,170.34
833,2016-07-18,169.54
834,2016-07-15,169.53
835,2016-07-14,169.75
836,2016-07-13,171.26
837,2016-07-12,171.4
838,2016-07-11,171.41
839,2016-07-08,172.66
840,2016-07-07,172.55
841,2016-07-06,173.81
842,2016-07-05,172.95
843,2016-07-04,171.93
844,2016-07-01,172.17
845,2016-06-30,172.63
846,2016-06-29,173.9
847,2016-06-28,175.03
848,2016-06-27,177.18
849,2016-06-24,176.67
850,2016-06-23,174.08
851,2016-06-22,175.05
852,2016-06-21,174.96
853,2016-06-20,175.83
854,2016-06-17,177.81
855,2016-06-16,178.44
856,2016-06-15,177.8
857,2016-06-14,178.59
858,2016-06-13,177.91
859,2016-06-10,176.88
860,2016-06-09,176.17
861,2016-06-08,175.41
862,2016-06-07,176.02
863,2016-06-03,180.0
864,2016-06-02,180.42
865,2016-06-01,180.98
866,2016-05-31,180.71
867,2016-05-30,180.85
868,2016-05-27,179.74
869,2016-05-26,180.2
870,2016-05-25,180.25
871,2016-05-24,181.72
872,2016-05-23,180.52
873,2016-05-20,181.64
874,2016-05-19,181.6
875,2016-05-18,180.64
876,2016-05-17,179.71
877,2016-05-16,179.75
878,2016-05-13,178.99
879,2016-05-12,178.4
880,2016-05-11,178.96
881,2016-05-10,178.99
882,2016-05-09,179.28
883,2016-05-04,177.5
884,2016-05-03,175.84
885,2016-05-02,175.56
886,2016-04-29,175.7
887,2016-04-28,175.5
888,2016-04-27,176.72
889,2016-04-26,176.66
890,2016-04-25,176.38
891,2016-04-22,176.04
892,2016-04-21,175.11
893,2016-04-20,174.9
894,2016-04-19,174.98
895,2016-04-18,176.9
896,2016-04-15,176.92
897,2016-04-14,177.66
898,2016-04-12,176.62
899,2016-04-11,176.97
900,2016-04-08,177.81
901,2016-04-07,177.96
902,2016-04-06,178.67
903,2016-04-05,179.0
904,2016-04-04,177.57
905,2016-04-01,178.0
906,2016-03-31,176.24
907,2016-03-30,176.99
908,2016-03-29,178.89
909,2016-03-28,178.79
910,2016-03-25,179.33
911,2016-03-24,179.02
912,2016-03-23,178.65
913,2016-03-22,178.46
914,2016-03-21,178.96
915,2016-03-18,179.59
916,2016-03-17,180.42
917,2016-03-16,183.01
918,2016-03-15,182.99
919,2016-03-14,182.97
920,2016-03-11,183.78
921,2016-03-10,184.32
922,2016-03-09,186.39
923,2016-03-08,185.67
924,2016-03-07,184.88
925,2016-03-04,185.22
926,2016-03-03,185.7
927,2016-03-02,187.36
928,2016-02-29,188.82
929,2016-02-26,189.09
930,2016-02-25,189.78
931,2016-02-24,188.87
932,2016-02-23,188.62
933,2016-02-22,188.74
934,2016-02-19,188.96
935,2016-02-18,188.5
936,2016-02-17,187.96
937,2016-02-16,186.49
938,2016-02-15,186.02
939,2016-02-12,184.87
940,2016-02-11,184.12
941,2016-02-05,182.05
942,2016-02-04,181.2
943,2016-02-03,183.34
944,2016-02-02,182.64
945,2016-02-01,181.97
946,2016-01-29,182.06
947,2016-01-28,182.41
948,2016-01-27,181.97
949,2016-01-26,182.27
950,2016-01-25,181.12
951,2016-01-22,181.5
952,2016-01-21,183.47
953,2016-01-20,184.29
954,2016-01-19,182.84
955,2016-01-18,183.66
956,2016-01-15,183.61
957,2016-01-14,183.59
958,2016-01-13,183.15
959,2016-01-12,184.07
960,2016-01-11,182.33
961,2016-01-08,179.41
962,2016-01-07,179.51
963,2016-01-06,178.65
964,2016-01-05,179.0
965,2016-01-04,179.6
966,2015-12-31,179.11
967,2015-12-30,178.1
968,2015-12-29,177.71
969,2015-12-28,178.02
970,2015-12-24,179.02
971,2015-12-23,179.87
972,2015-12-22,179.17
973,2015-12-21,179.72
974,2015-12-18,180.44
975,2015-12-17,180.17
976,2015-12-16,180.15
977,2015-12-15,180.64
978,2015-12-14,181.08
979,2015-12-11,180.75
980,2015-12-10,181.0
981,2015-12-09,181.92
982,2015-12-08,181.55
983,2015-12-07,180.55
984,2015-12-04,180.16
985,2015-12-03,180.7
986,2015-12-02,180.71
987,2015-12-01,179.67
988,2015-11-30,180.07
989,2015-11-27,179.2
990,2015-11-26,178.78
991,2015-11-25,178.18
992,2015-11-24,179.54
993,2015-11-23,180.32
994,2015-11-20,180.32
995,2015-11-19,181.53
996,2015-11-18,182.49
997,2015-11-17,183.19
998,2015-11-16,183.15
999,2015-11-13,181.84
1000,2015-11-12,181.27
1001,2015-11-11,180.9
1002,2015-11-10,181.3
1003,2015-11-09,181.39
1004,2015-11-06,179.23
1005,2015-11-05,178.76
1006,2015-11-04,178.53
1007,2015-11-03,178.63
1008,2015-11-02,179.73
1009,2015-10-30,179.89
1010,2015-10-29,179.92
1011,2015-10-28,176.72
1012,2015-10-27,177.47
1013,2015-10-26,177.19
1014,2015-10-23,176.53
1015,2015-10-22,178.08
1016,2015-10-21,178.64
1017,2015-10-20,177.76
1018,2015-10-19,176.32
1019,2015-10-16,178.06
1020,2015-10-15,177.59
1021,2015-10-14,180.36
1022,2015-10-13,181.25
1023,2015-10-12,180.96
1024,2015-10-08,182.82
1025,2015-10-07,182.52
1026,2015-10-06,183.6
1027,2015-10-05,183.64
1028,2015-10-02,185.5
1029,2015-10-01,184.92
1030,2015-09-30,186.15
1031,2015-09-25,186.54
1032,2015-09-24,185.78
1033,2015-09-23,185.02
1034,2015-09-22,184.6
1035,2015-09-21,183.8
1036,2015-09-18,181.76
1037,2015-09-17,182.25
1038,2015-09-16,183.44
1039,2015-09-15,184.63
1040,2015-09-14,184.68
1041,2015-09-11,185.05
1042,2015-09-10,184.88
1043,2015-09-09,184.5
1044,2015-09-08,185.22
1045,2015-09-07,185.85
1046,2015-09-04,184.75
1047,2015-09-03,184.53
1048,2015-09-02,183.57
1049,2015-09-01,183.39
1050,2015-08-31,183.58
1051,2015-08-28,182.26
1052,2015-08-27,182.1
1053,2015-08-26,183.0
1054,2015-08-25,182.99
1055,2015-08-24,185.84
1056,2015-08-21,185.21
1057,2015-08-20,184.56
1058,2015-08-19,183.58
1059,2015-08-18,183.45
1060,2015-08-17,183.73
1061,2015-08-13,182.16
1062,2015-08-12,180.27
1063,2015-08-11,185.06
1064,2015-08-10,187.17
1065,2015-08-07,187.63
1066,2015-08-06,187.82
1067,2015-08-05,188.25
1068,2015-08-04,187.23
1069,2015-08-03,187.72
1070,2015-07-31,188.38
1071,2015-07-30,188.21
1072,2015-07-29,186.68
1073,2015-07-28,187.57
1074,2015-07-27,187.63
1075,2015-07-24,188.13
1076,2015-07-23,186.78
1077,2015-07-22,185.6
1078,2015-07-21,185.79
1079,2015-07-20,185.9
1080,2015-07-17,184.44
1081,2015-07-16,184.68
1082,2015-07-15,184.15
1083,2015-07-14,183.77
1084,2015-07-13,182.12
1085,2015-07-10,181.85
1086,2015-07-09,182.35
1087,2015-07-08,182.81
1088,2015-07-07,182.12
1089,2015-07-06,181.27
1090,2015-07-03,181.05
1091,2015-07-02,181.56
1092,2015-07-01,180.62
1093,2015-06-30,179.84
1094,2015-06-29,180.75
1095,2015-06-26,180.31
1096,2015-06-25,178.99
1097,2015-06-24,178.73
1098,2015-06-23,178.11
1099,2015-06-22,177.35
1100,2015-06-19,178.55
1101,2015-06-18,177.8
1102,2015-06-17,180.07
1103,2015-06-16,180.15
1104,2015-06-15,179.83
1105,2015-06-12,179.86
1106,2015-06-11,179.02
1107,2015-06-10,178.71
1108,2015-06-09,180.33
1109,2015-06-08,180.77
1110,2015-06-05,179.32
1111,2015-06-04,178.97
1112,2015-06-03,178.55
1113,2015-06-02,179.52
1114,2015-06-01,179.39
1115,2015-05-29,178.78
1116,2015-05-28,178.25
1117,2015-05-27,178.02
1118,2015-05-26,178.3
1119,2015-05-22,175.99
1120,2015-05-21,176.15
1121,2015-05-20,176.68
1122,2015-05-19,175.57
1123,2015-05-18,175.11
1124,2015-05-15,175.07
1125,2015-05-14,176.01
1126,2015-05-13,176.91
1127,2015-05-12,176.56
1128,2015-05-11,175.74
1129,2015-05-08,175.42
1130,2015-05-07,176.01
1131,2015-05-06,174.3
1132,2015-05-04,173.98
1133,2015-04-30,173.13
1134,2015-04-29,172.19
1135,2015-04-28,172.56
1136,2015-04-27,172.52
1137,2015-04-24,174.26
1138,2015-04-23,174.86
1139,2015-04-22,174.19
1140,2015-04-21,174.63
1141,2015-04-20,174.13
1142,2015-04-17,174.64
1143,2015-04-16,175.7
1144,2015-04-15,176.59
1145,2015-04-14,176.08
1146,2015-04-13,177.01
1147,2015-04-10,175.93
1148,2015-04-09,175.52
1149,2015-04-08,175.86
1150,2015-04-07,176.03
1151,2015-04-06,175.07
1152,2015-04-03,176.21
1153,2015-04-02,176.28
1154,2015-04-01,178.0
1155,2015-03-31,178.83
1156,2015-03-30,178.14
1157,2015-03-27,178.0
1158,2015-03-26,177.86
1159,2015-03-25,177.37
1160,2015-03-24,177.34
1161,2015-03-23,179.58
1162,2015-03-20,181.14
1163,2015-03-19,180.24
1164,2015-03-18,180.96
1165,2015-03-17,180.17
1166,2015-03-16,180.21
1167,2015-03-13,179.98
1168,2015-03-12,178.95
1169,2015-03-11,179.45
1170,2015-03-10,179.12
1171,2015-03-09,176.72
1172,2015-03-06,175.11
1173,2015-03-05,175.28
1174,2015-03-04,175.24
1175,2015-03-03,174.69
1176,2015-03-02,175.09
1177,2015-02-27,174.85
1178,2015-02-26,174.72
1179,2015-02-25,175.15
1180,2015-02-24,177.15
1181,2015-02-23,176.82
1182,2015-02-17,175.87
1183,2015-02-16,175.74
1184,2015-02-13,176.23
1185,2015-02-12,177.2
1186,2015-02-11,176.17
1187,2015-02-10,174.92
1188,2015-02-09,175.24
1189,2015-02-06,174.52
1190,2015-02-05,174.39
1191,2015-02-04,173.69
1192,2015-02-03,175.23
1193,2015-02-02,175.64
1194,2015-01-30,175.02
1195,2015-01-29,174.71
1196,2015-01-28,173.21
1197,2015-01-27,172.53
1198,2015-01-26,172.92
1199,2015-01-23,173.6
1200,2015-01-22,174.49
1201,2015-01-21,174.3
1202,2015-01-20,174.72
1203,2015-01-19,173.23
1204,2015-01-16,173.39
1205,2015-01-15,174.35
1206,2015-01-14,174.53
1207,2015-01-13,174.63
1208,2015-01-12,174.92
1209,2015-01-09,175.69
1210,2015-01-08,176.3
1211,2015-01-07,176.98
1212,2015-01-06,176.76
1213,2015-01-05,178.33
1214,2015-01-02,177.36
1215,2014-12-31,175.05
1216,2014-12-30,176.12
1217,2014-12-29,176.12
1218,2014-12-26,176.92
1219,2014-12-24,177.1
1220,2014-12-23,176.9
1221,2014-12-22,176.38
1222,2014-12-19,176.71
1223,2014-12-18,176.72
1224,2014-12-17,176.72
1225,2014-12-16,175.17
1226,2014-12-15,177.46
1227,2014-12-12,178.08
1228,2014-12-11,177.73
1229,2014-12-10,178.62
1230,2014-12-09,179.04
1231,2014-12-08,181.38
1232,2014-12-05,181.2
1233,2014-12-04,181.17
1234,2014-12-03,180.94
1235,2014-12-02,180.6
1236,2014-12-01,180.33
1237,2014-11-28,179.88
1238,2014-11-27,178.52
1239,2014-11-26,180.2
1240,2014-11-25,180.66
1241,2014-11-24,181.1
1242,2014-11-21,181.72
1243,2014-11-20,181.95
1244,2014-11-19,180.71
1245,2014-11-18,179.67
1246,2014-11-17,178.82
1247,2014-11-14,179.49
1248,2014-11-13,178.71
1249,2014-11-12,178.54
1250,2014-11-11,178.77
1251,2014-11-10,177.27
1252,2014-11-07,178.16
1253,2014-11-06,177.49
1254,2014-11-05,177.67
1255,2014-11-04,176.02
1256,2014-11-03,175.29
1257,2014-10-31,174.5
1258,2014-10-30,172.76
1259,2014-10-29,171.37
1260,2014-10-28,171.52
1261,2014-10-27,171.92
1262,2014-10-24,172.68
1263,2014-10-23,172.43
1264,2014-10-22,171.7
1265,2014-10-21,172.09
1266,2014-10-20,172.69
1267,2014-10-17,173.56
1268,2014-10-16,173.03
1269,2014-10-15,173.45
1270,2014-10-14,173.52
1271,2014-10-13,174.0
1272,2014-10-10,174.78
1273,2014-10-08,174.8
1274,2014-10-07,173.62
1275,2014-10-06,173.52
1276,2014-10-02,172.07
1277,2014-10-01,172.27
1278,2014-09-30,171.04
1279,2014-09-29,171.21
1280,2014-09-26,170.08
1281,2014-09-25,169.7
1282,2014-09-24,169.06
1283,2014-09-23,169.17
1284,2014-09-22,169.7
1285,2014-09-19,169.98
1286,2014-09-18,168.95
1287,2014-09-17,168.22
1288,2014-09-16,168.14
1289,2014-09-15,168.7
1290,2014-09-12,168.52
1291,2014-09-11,168.9
1292,2014-09-05,166.8
1293,2014-09-04,165.79
1294,2014-09-03,165.74
1295,2014-09-02,165.62
1296,2014-09-01,164.65
1297,2014-08-29,164.87
1298,2014-08-28,164.98
1299,2014-08-27,164.95
1300,2014-08-26,165.25
1301,2014-08-25,165.72
1302,2014-08-22,165.37
1303,2014-08-21,166.17
1304,2014-08-20,166.19
1305,2014-08-19,165.66
1306,2014-08-18,165.65
1307,2014-08-14,166.03
1308,2014-08-13,167.01
1309,2014-08-12,166.84
1310,2014-08-11,167.51
1311,2014-08-08,168.25
1312,2014-08-07,168.16
1313,2014-08-06,167.47
1314,2014-08-05,166.76
1315,2014-08-04,167.22
1316,2014-08-01,168.02
1317,2014-07-31,166.9
1318,2014-07-30,165.82
1319,2014-07-29,165.7
1320,2014-07-28,165.78
1321,2014-07-25,165.87
1322,2014-07-24,166.11
1323,2014-07-23,165.25
1324,2014-07-22,165.18
1325,2014-07-21,165.56
1326,2014-07-18,166.01
1327,2014-07-17,165.53
1328,2014-07-16,165.78
1329,2014-07-15,165.3
1330,2014-07-14,164.05
1331,2014-07-11,164.15
1332,2014-07-10,163.53
1333,2014-07-09,163.27
1334,2014-07-08,163.07
1335,2014-07-07,163.26
1336,2014-07-04,162.71
1337,2014-07-03,162.25
1338,2014-07-02,162.25
1339,2014-07-01,162.92
1340,2014-06-30,162.91
1341,2014-06-27,163.13
1342,2014-06-26,163.16
1343,2014-06-25,163.63
1344,2014-06-24,163.39
1345,2014-06-23,163.79
1346,2014-06-20,164.12
1347,2014-06-19,163.48
1348,2014-06-18,164.11
1349,2014-06-17,164.04
1350,2014-06-16,164.2
1351,2014-06-13,164.13
1352,2014-06-12,163.51
1353,2014-06-11,163.3
1354,2014-06-10,163.54
1355,2014-06-09,162.97
1356,2014-06-05,163.31
1357,2014-06-03,163.74
1358,2014-06-02,163.79
1359,2014-05-30,163.31
1360,2014-05-29,162.87
1361,2014-05-28,163.07
1362,2014-05-27,163.83
1363,2014-05-26,164.14
1364,2014-05-23,164.44
1365,2014-05-22,164.3
1366,2014-05-21,164.53
1367,2014-05-20,164.31
1368,2014-05-19,163.77
1369,2014-05-16,164.39
1370,2014-05-15,164.66
1371,2014-05-14,164.67
1372,2014-05-13,163.86
1373,2014-05-12,164.28
1374,2014-05-09,164.7
1375,2014-05-08,163.99
1376,2014-05-07,164.13
1377,2014-05-02,164.55
1378,2014-04-30,164.76
1379,2014-04-29,164.67
1380,2014-04-28,165.43
1381,2014-04-25,166.27
1382,2014-04-24,166.4
1383,2014-04-23,166.59
1384,2014-04-22,166.5
1385,2014-04-21,166.8
1386,2014-04-18,166.84
1387,2014-04-17,166.99
1388,2014-04-16,166.85
1389,2014-04-15,167.27
1390,2014-04-14,167.22
1391,2014-04-11,166.78
1392,2014-04-10,167.19
1393,2014-04-09,167.86
1394,2014-04-08,169.02
1395,2014-04-07,169.76
1396,2014-04-04,169.63
1397,2014-04-03,170.3
1398,2014-04-02,170.57
1399,2014-04-01,170.48
1400,2014-03-31,170.92
1401,2014-03-28,172.23
1402,2014-03-27,172.76
1403,2014-03-26,173.51
1404,2014-03-25,174.26
1405,2014-03-24,174.07
1406,2014-03-21,173.94
1407,2014-03-20,173.34
1408,2014-03-19,172.73
1409,2014-03-18,173.27
1410,2014-03-17,173.03
1411,2014-03-14,174.03
1412,2014-03-13,174.12
1413,2014-03-12,174.37
1414,2014-03-11,173.78
1415,2014-03-10,174.01
1416,2014-03-07,173.9
1417,2014-03-06,174.43
1418,2014-03-05,174.77
1419,2014-03-04,174.79
1420,2014-03-03,174.07
1421,2014-02-28,173.58
1422,2014-02-27,174.14
1423,2014-02-26,174.15
1424,2014-02-25,175.07
1425,2014-02-24,175.95
1426,2014-02-21,175.97
1427,2014-02-20,176.67
1428,2014-02-19,175.31
1429,2014-02-18,175.72
1430,2014-02-17,174.92
1431,2014-02-14,174.81
1432,2014-02-13,175.48
1433,2014-02-12,175.1
1434,2014-02-11,176.01
1435,2014-02-10,176.97
1436,2014-02-07,177.38
1437,2014-02-06,177.94
1438,2014-02-05,177.86
1439,2014-02-04,178.44
1440,2014-02-03,179.18
1441,2014-01-29,177.03
1442,2014-01-28,178.18
1443,2014-01-27,178.96
1444,2014-01-24,178.51
1445,2014-01-23,177.65
1446,2014-01-22,176.35
1447,2014-01-21,176.35
1448,2014-01-20,175.8
1449,2014-01-17,175.38
1450,2014-01-16,175.62
1451,2014-01-15,175.72
1452,2014-01-14,175.24
1453,2014-01-13,174.66
1454,2014-01-10,175.29
1455,2014-01-09,175.56
1456,2014-01-08,176.16
1457,2014-01-07,176.53
1458,2014-01-06,176.15
1459,2014-01-03,174.36
1460,2014-01-02,173.61
1461,2013-12-31,172.68
1462,2013-12-30,173.73
1463,2013-12-27,173.73
1464,2013-12-26,174.42
1465,2013-12-24,174.38
1466,2013-12-23,174.76
1467,2013-12-20,174.76
1468,2013-12-19,174.33
1469,2013-12-18,173.36
1470,2013-12-17,173.27
1471,2013-12-16,173.36
1472,2013-12-13,173.43
1473,2013-12-12,172.93
1474,2013-12-11,173.12
1475,2013-12-10,173.0
1476,2013-12-09,173.06
1477,2013-12-06,173.86
1478,2013-12-05,173.93
1479,2013-12-04,174.15
1480,2013-12-03,174.14
1481,2013-12-02,173.47
1482,2013-11-29,173.74
1483,2013-11-28,173.99
1484,2013-11-27,174.4
1485,2013-11-26,173.98
1486,2013-11-25,174.23
1487,2013-11-22,174.14
1488,2013-11-21,174.22
1489,2013-11-20,173.56
1490,2013-11-19,173.09
1491,2013-11-18,173.5
1492,2013-11-15,174.57
1493,2013-11-14,175.21
1494,2013-11-13,176.05
1495,2013-11-12,176.07
1496,2013-11-11,176.01
1497,2013-11-08,174.77
1498,2013-11-07,174.14
1499,2013-11-06,174.06
1500,2013-11-05,174.04
1501,2013-11-04,174.28
1502,2013-11-01,174.09
1503,2013-10-31,173.87
1504,2013-10-30,174.0
1505,2013-10-29,174.27
1506,2013-10-28,174.31
1507,2013-10-25,174.61
1508,2013-10-24,174.62
1509,2013-10-23,173.79
1510,2013-10-22,174.01
1511,2013-10-21,174.24
1512,2013-10-18,174.3
1513,2013-10-17,174.34
1514,2013-10-16,174.95
1515,2013-10-15,174.39
1516,2013-10-14,175.52
1517,2013-10-11,175.17
1518,2013-10-10,175.09
1519,2013-10-08,175.53
1520,2013-10-07,175.2
1521,2013-10-04,174.96
1522,2013-10-02,175.53
1523,2013-10-01,175.37
1524,2013-09-30,175.3
1525,2013-09-27,175.61
1526,2013-09-26,175.96
1527,2013-09-25,175.77
1528,2013-09-24,175.52
1529,2013-09-23,175.68
1530,2013-09-17,177.03
1531,2013-09-16,176.7
1532,2013-09-13,177.59
1533,2013-09-12,177.25
1534,2013-09-11,177.37
1535,2013-09-10,177.23
1536,2013-09-09,177.15
1537,2013-09-06,178.5
1538,2013-09-05,179.49
1539,2013-09-04,178.84
1540,2013-09-03,179.48
1541,2013-09-02,179.6
1542,2013-08-30,181.2
1543,2013-08-29,181.58
1544,2013-08-28,182.31
1545,2013-08-27,182.34
1546,2013-08-26,181.75
1547,2013-08-23,181.89
1548,2013-08-22,182.9
1549,2013-08-21,182.67
1550,2013-08-20,182.65
1551,2013-08-19,182.22
1552,2013-08-16,182.06
1553,2013-08-14,182.78
1554,2013-08-13,182.23
1555,2013-08-12,182.04
1556,2013-08-09,181.56
1557,2013-08-08,181.74
1558,2013-08-07,182.58
1559,2013-08-06,182.22
1560,2013-08-05,181.97
1561,2013-08-02,183.18
1562,2013-08-01,183.27
1563,2013-07-31,182.94
1564,2013-07-30,181.6
1565,2013-07-29,181.27
1566,2013-07-26,181.27
1567,2013-07-25,181.88
1568,2013-07-24,181.44
1569,2013-07-23,182.02
1570,2013-07-22,182.27
1571,2013-07-19,182.62
1572,2013-07-18,183.16
1573,2013-07-17,182.71
1574,2013-07-16,182.38
1575,2013-07-15,183.08
1576,2013-07-12,183.35
1577,2013-07-11,183.47
1578,2013-07-10,185.12
1579,2013-07-09,185.85
1580,2013-07-08,187.65
1581,2013-07-05,186.26
1582,2013-07-04,186.07
1583,2013-07-03,186.32
1584,2013-07-02,184.99
1585,2013-07-01,185.24
1586,2013-06-28,185.66
1587,2013-06-27,186.44
1588,2013-06-26,187.63
1589,2013-06-25,187.38
1590,2013-06-24,189.52
1591,2013-06-21,188.2
1592,2013-06-20,188.43
1593,2013-06-19,184.35
1594,2013-06-18,184.43
1595,2013-06-17,183.73
1596,2013-06-14,183.75
1597,2013-06-13,184.49
1598,2013-06-12,184.23
1599,2013-06-11,184.8
1600,2013-06-10,184.23
1601,2013-06-07,182.37
1602,2013-06-05,182.29
1603,2013-06-04,183.24
1604,2013-06-03,184.2
1605,2013-05-31,184.39
1606,2013-05-30,184.06
1607,2013-05-29,184.88
1608,2013-05-28,184.12
1609,2013-05-27,183.0
1610,2013-05-24,183.48
1611,2013-05-23,183.72
1612,2013-05-22,181.71
1613,2013-05-21,181.57
1614,2013-05-20,181.59
1615,2013-05-16,181.75
1616,2013-05-15,181.58
1617,2013-05-14,180.37
1618,2013-05-13,180.97
1619,2013-05-10,180.44
1620,2013-05-09,177.72
1621,2013-05-08,176.52
1622,2013-05-07,177.04
1623,2013-05-06,177.86
1624,2013-05-03,177.96
1625,2013-05-02,179.0
1626,2013-04-30,179.16
1627,2013-04-29,179.56
1628,2013-04-26,180.16
1629,2013-04-25,179.96
1630,2013-04-24,180.81
1631,2013-04-23,181.58
1632,2013-04-22,181.45
1633,2013-04-19,180.95
1634,2013-04-18,181.53
1635,2013-04-17,180.97
1636,2013-04-16,180.55
1637,2013-04-15,180.75
1638,2013-04-12,182.54
1639,2013-04-11,182.03
1640,2013-04-10,182.19
1641,2013-04-09,183.77
1642,2013-04-08,184.69
1643,2013-04-05,182.46
1644,2013-04-04,181.91
1645,2013-04-03,180.2
1646,2013-04-02,180.43
1647,2013-04-01,179.28
1648,2013-03-29,178.89
1649,2013-03-28,178.95
1650,2013-03-27,178.96
1651,2013-03-26,178.4
1652,2013-03-25,178.74
1653,2013-03-22,179.91
1654,2013-03-21,179.74
1655,2013-03-20,179.47
1656,2013-03-19,178.82
1657,2013-03-18,179.05
1658,2013-03-15,178.95
1659,2013-03-14,178.07
1660,2013-03-13,176.88
1661,2013-03-12,176.3
1662,2013-03-11,176.26
1663,2013-03-08,175.3
1664,2013-03-07,174.57
1665,2013-03-06,174.21
1666,2013-03-05,174.46
1667,2013-03-04,175.33
1668,2013-02-28,174.07
1669,2013-02-27,174.48
1670,2013-02-26,174.86
1671,2013-02-25,174.15
1672,2013-02-22,173.8
1673,2013-02-21,173.95
1674,2013-02-20,172.86
1675,2013-02-19,173.08
1676,2013-02-18,173.54
1677,2013-02-15,173.12
1678,2013-02-14,173.53
1679,2013-02-13,174.33
1680,2013-02-12,175.21
1681,2013-02-08,175.35
1682,2013-02-07,174.93
1683,2013-02-06,174.56
1684,2013-02-05,174.29
1685,2013-02-04,174.32
1686,2013-02-01,175.83
1687,2013-01-31,174.79
1688,2013-01-30,174.27
1689,2013-01-29,174.31
1690,2013-01-28,175.39
1691,2013-01-25,172.8
1692,2013-01-24,171.68
1693,2013-01-23,171.39
1694,2013-01-22,170.65
1695,2013-01-21,170.93
1696,2013-01-18,170.05
1697,2013-01-17,170.03
1698,2013-01-16,170.45
1699,2013-01-15,170.03
1700,2013-01-14,169.93
1701,2013-01-11,169.91
1702,2013-01-10,170.14
1703,2013-01-09,170.47
1704,2013-01-08,170.79
1705,2013-01-07,170.76
1706,2013-01-04,170.78
1707,2013-01-03,170.3
1708,2013-01-02,170.38
1709,2012-12-31,170.65
1710,2012-12-28,171.14
1711,2012-12-27,171.76
1712,2012-12-26,172.12
1713,2012-12-24,172.21
1714,2012-12-21,172.51
1715,2012-12-20,172.27
1716,2012-12-18,172.29
1717,2012-12-17,171.88
1718,2012-12-14,172.07
1719,2012-12-13,172.24
1720,2012-12-12,171.7
1721,2012-12-11,172.25
1722,2012-12-10,173.05
1723,2012-12-07,173.72
1724,2012-12-06,174.05
1725,2012-12-05,173.56
1726,2012-12-04,174.04
1727,2012-12-03,173.88
1728,2012-11-30,173.86
1729,2012-11-29,173.91
1730,2012-11-28,174.47
1731,2012-11-27,174.21
1732,2012-11-26,174.28
1733,2012-11-23,174.3
1734,2012-11-22,174.18
1735,2012-11-21,173.66
1736,2012-11-20,173.84
1737,2012-11-19,174.35
1738,2012-11-16,175.03
1739,2012-11-15,174.39
1740,2012-11-14,174.27
1741,2012-11-13,175.14
1742,2012-11-12,174.9
1743,2012-11-09,174.14
1744,2012-11-08,174.5
1745,2012-11-07,173.7
1746,2012-11-06,174.69
1747,2012-11-05,174.92
1748,2012-11-02,174.89
1749,2012-11-01,175.08
1750,2012-10-31,174.76
1751,2012-10-30,174.57
1752,2012-10-29,175.45
1753,2012-10-26,175.71
1754,2012-10-25,175.41
1755,2012-10-24,176.62
1756,2012-10-23,176.51
1757,2012-10-22,176.53
1758,2012-10-19,176.37
1759,2012-10-18,176.47
1760,2012-10-17,176.54
1761,2012-10-16,176.58
1762,2012-10-15,177.02
1763,2012-10-12,177.21
1764,2012-10-11,177.2
1765,2012-10-10,177.3
1766,2012-10-09,176.84
1767,2012-10-08,176.9
1768,2012-10-05,176.7
1769,2012-10-04,177.18
1770,2012-10-02,177.18
1771,2012-09-28,176.94
1772,2012-09-27,177.17
1773,2012-09-26,177.72
1774,2012-09-25,177.47
1775,2012-09-24,177.68
1776,2012-09-21,177.15
1777,2012-09-20,178.0
1778,2012-09-19,176.8
1779,2012-09-18,176.95
1780,2012-09-17,176.97
1781,2012-09-14,176.88
1782,2012-09-13,178.37
1783,2012-09-12,178.05
1784,2012-09-11,177.69
1785,2012-09-10,178.21
1786,2012-09-07,178.14
1787,2012-09-06,178.59
1788,2012-09-05,179.13
1789,2012-09-04,178.51
1790,2012-09-03,178.47
1791,2012-08-31,178.63
1792,2012-08-30,178.55
1793,2012-08-29,178.61
1794,2012-08-28,178.73
1795,2012-08-27,178.61
1796,2012-08-24,178.63
1797,2012-08-23,177.99
1798,2012-08-22,178.61
1799,2012-08-21,177.7
1800,2012-08-20,178.43
1801,2012-08-17,178.51
1802,2012-08-16,177.98
1803,2012-08-14,177.47
1804,2012-08-13,177.66
1805,2012-08-10,177.66
1806,2012-08-09,177.32
1807,2012-08-08,177.17
1808,2012-08-07,176.93
1809,2012-08-06,177.27
1810,2012-08-03,177.83
1811,2012-08-02,177.62
1812,2012-08-01,176.94
1813,2012-07-31,177.38
1814,2012-07-30,178.27
1815,2012-07-27,178.71
1816,2012-07-26,179.72
1817,2012-07-25,179.77
1818,2012-07-24,179.61
1819,2012-07-23,179.66
1820,2012-07-20,178.96
1821,2012-07-19,178.8
1822,2012-07-18,179.27
1823,2012-07-17,179.15
1824,2012-07-16,179.89
1825,2012-07-13,180.35
1826,2012-07-12,180.81
1827,2012-07-11,179.24
1828,2012-07-10,179.38
1829,2012-07-09,179.41
1830,2012-07-06,178.9
1831,2012-07-05,178.67
1832,2012-07-04,179.03
1833,2012-07-03,178.81
1834,2012-07-02,180.09
1835,2012-06-29,180.34
1836,2012-06-28,181.7
1837,2012-06-27,181.84
1838,2012-06-26,182.06
1839,2012-06-25,182.35
1840,2012-06-22,182.09
1841,2012-06-21,181.0
1842,2012-06-20,180.98
1843,2012-06-19,181.68
1844,2012-06-18,182.52
1845,2012-06-15,182.78
1846,2012-06-14,183.07
1847,2012-06-13,183.03
1848,2012-06-12,183.47
1849,2012-06-11,183.04
1850,2012-06-08,184.39
1851,2012-06-07,183.85
1852,2012-06-05,185.45
1853,2012-06-04,185.57
1854,2012-06-01,185.12
1855,2012-05-31,184.77
1856,2012-05-30,185.39
1857,2012-05-29,185.1
1858,2012-05-25,185.94
1859,2012-05-24,186.71
1860,2012-05-23,185.37
1861,2012-05-22,184.02
1862,2012-05-21,184.5
1863,2012-05-18,184.86
1864,2012-05-17,184.03
1865,2012-05-16,184.67
1866,2012-05-15,182.52
1867,2012-05-14,182.33
1868,2012-05-11,181.65
1869,2012-05-10,180.9
1870,2012-05-09,180.73
1871,2012-05-08,180.09
1872,2012-05-07,180.33
1873,2012-05-04,179.53
1874,2012-05-03,179.06
1875,2012-05-02,178.93
1876,2012-04-30,178.85
1877,2012-04-27,179.71
1878,2012-04-26,179.99
1879,2012-04-25,180.66
1880,2012-04-24,180.7
1881,2012-04-23,180.78
1882,2012-04-20,180.7
1883,2012-04-19,180.47
1884,2012-04-18,180.5
1885,2012-04-17,180.62
1886,2012-04-16,180.07
1887,2012-04-13,180.11
1888,2012-04-12,180.72
1889,2012-04-10,180.84
1890,2012-04-09,180.51
1891,2012-04-06,179.46
1892,2012-04-05,178.94
1893,2012-04-04,179.34
1894,2012-04-03,178.22
1895,2012-04-02,178.79
1896,2012-03-30,179.67
1897,2012-03-29,180.11
1898,2012-03-28,179.97
1899,2012-03-27,179.66
1900,2012-03-26,180.68
1901,2012-03-23,179.88
1902,2012-03-22,179.54
1903,2012-03-21,178.2
1904,2012-03-20,178.29
1905,2012-03-19,177.73
1906,2012-03-16,178.26
1907,2012-03-15,177.98
1908,2012-03-14,177.93
1909,2012-03-13,177.51
1910,2012-03-12,177.74
1911,2012-03-09,177.4
1912,2012-03-08,177.11
1913,2012-03-07,178.19
1914,2012-03-06,178.04
1915,2012-03-05,177.42
1916,2012-03-02,177.3
1917,2012-02-29,177.32
1918,2012-02-28,178.51
1919,2012-02-27,179.35
1920,2012-02-24,179.04
1921,2012-02-23,179.02
1922,2012-02-22,178.83
1923,2012-02-21,178.35
1924,2012-02-20,178.38
1925,2012-02-17,178.84
1926,2012-02-16,179.84
1927,2012-02-15,178.11
1928,2012-02-14,178.48
1929,2012-02-13,177.63
1930,2012-02-10,178.52
1931,2012-02-09,177.27
1932,2012-02-08,177.23
1933,2012-02-07,177.25
1934,2012-02-06,177.86
1935,2012-02-03,177.4
1936,2012-02-02,177.46
1937,2012-02-01,178.57
1938,2012-01-31,177.87
1939,2012-01-30,178.11
1940,2012-01-27,177.46
1941,2012-01-26,177.3
1942,2012-01-25,177.85
1943,2012-01-20,179.35
1944,2012-01-19,179.91
1945,2012-01-18,181.03
1946,2012-01-17,181.01
1947,2012-01-16,182.59
1948,2012-01-13,182.1
1949,2012-01-12,183.29
1950,2012-01-11,183.2
1951,2012-01-10,183.38
1952,2012-01-09,183.66
1953,2012-01-06,184.06
1954,2012-01-05,183.19
1955,2012-01-04,182.32
1956,2012-01-03,182.87
1957,2012-01-02,183.51
1958,2011-12-30,184.09
1959,2011-12-29,182.52
1960,2011-12-28,182.82
1961,2011-12-27,182.91
1962,2011-12-26,182.75
1963,2011-12-23,181.4
1964,2011-12-22,181.58
1965,2011-12-21,181.05
1966,2011-12-20,183.02
1967,2011-12-19,184.29
1968,2011-12-16,182.33
1969,2011-12-15,181.84
1970,2011-12-14,181.63
1971,2011-12-13,181.04
1972,2011-12-12,180.37
1973,2011-12-09,180.19
1974,2011-12-08,177.73
1975,2011-12-07,176.93
1976,2011-12-06,177.56
1977,2011-12-05,177.12
1978,2011-12-02,177.27
1979,2011-12-01,177.25
1980,2011-11-30,179.64
1981,2011-11-29,179.74
1982,2011-11-28,180.69
1983,2011-11-25,182.56
1984,2011-11-24,181.34
1985,2011-11-23,181.02
1986,2011-11-22,179.68
1987,2011-11-21,179.53
1988,2011-11-18,179.05
1989,2011-11-17,178.4
1990,2011-11-16,178.26
1991,2011-11-15,177.51
1992,2011-11-14,176.92
1993,2011-11-11,177.56
1994,2011-11-10,178.43
1995,2011-11-09,176.11
1996,2011-11-08,176.33
1997,2011-11-07,176.75
1998,2011-11-04,175.71
1999,2011-11-03,178.09
2000,2011-11-02,175.95
2001,2011-11-01,176.44
2002,2011-10-31,174.54
2003,2011-10-28,173.76
2004,2011-10-27,174.95
2005,2011-10-26,178.27
2006,2011-10-25,177.21
2007,2011-10-24,178.41
2008,2011-10-21,180.17
2009,2011-10-20,178.91
2010,2011-10-19,177.84
2011,2011-10-18,180.31
2012,2011-10-17,178.81
2013,2011-10-14,181.23
2014,2011-10-13,181.58
2015,2011-10-12,182.6
2016,2011-10-11,183.62
2017,2011-10-10,183.84
2018,2011-10-07,185.1
2019,2011-10-06,185.88
2020,2011-10-05,187.14
2021,2011-10-04,187.14
2022,2011-09-30,184.7
2023,2011-09-29,183.3
2024,2011-09-28,182.93
2025,2011-09-27,184.08
2026,2011-09-26,186.64
2027,2011-09-23,183.4
2028,2011-09-22,186.7
2029,2011-09-21,181.01
2030,2011-09-20,179.37
2031,2011-09-19,177.76
2032,2011-09-16,173.67
2033,2011-09-15,174.01
2034,2011-09-14,173.43
2035,2011-09-09,168.83
2036,2011-09-08,168.11
2037,2011-09-07,167.47
2038,2011-09-06,167.84
2039,2011-09-05,167.44
2040,2011-09-02,166.42
2041,2011-09-01,166.54
2042,2011-08-31,167.12
2043,2011-08-30,168.31
2044,2011-08-29,168.31
2045,2011-08-26,169.43
2046,2011-08-25,169.85
2047,2011-08-24,169.36
2048,2011-08-23,168.31
2049,2011-08-22,169.17
2050,2011-08-19,169.68
2051,2011-08-18,168.23
2052,2011-08-17,167.84
2053,2011-08-16,167.85
2054,2011-08-12,169.16
2055,2011-08-11,169.07
2056,2011-08-10,168.65
2057,2011-08-09,168.51
2058,2011-08-08,167.86
2059,2011-08-05,165.99
2060,2011-08-04,164.87
2061,2011-08-03,164.33
2062,2011-08-02,163.54
2063,2011-08-01,163.02
2064,2011-07-29,163.75
2065,2011-07-28,163.14
2066,2011-07-27,163.08
2067,2011-07-26,163.2
2068,2011-07-25,163.67
2069,2011-07-22,163.09
2070,2011-07-21,163.6
2071,2011-07-20,163.56
2072,2011-07-19,163.48
2073,2011-07-18,164.23
2074,2011-07-15,164.09
2075,2011-07-14,163.65
2076,2011-07-13,163.78
2077,2011-07-12,165.12
2078,2011-07-11,163.97
2079,2011-07-08,163.48
2080,2011-07-07,164.58
2081,2011-07-06,164.65
2082,2011-07-05,164.78
2083,2011-07-04,164.58
2084,2011-07-01,165.06
2085,2011-06-30,165.16
2086,2011-06-29,166.32
2087,2011-06-28,167.28
2088,2011-06-27,167.61
2089,2011-06-24,166.96
2090,2011-06-23,166.56
2091,2011-06-22,166.17
2092,2011-06-21,166.71
2093,2011-06-20,167.8
2094,2011-06-17,168.03
2095,2011-06-16,168.14
2096,2011-06-15,167.25
2097,2011-06-14,167.19
2098,2011-06-13,167.28
2099,2011-06-10,167.21
2100,2011-06-09,167.24
2101,2011-06-08,167.0
2102,2011-06-07,166.69
2103,2011-06-03,166.5
2104,2011-06-02,166.62
2105,2011-06-01,165.83
2106,2011-05-31,166.36
2107,2011-05-30,166.49
2108,2011-05-27,166.86
2109,2011-05-26,167.86
2110,2011-05-25,169.19
2111,2011-05-24,168.3
2112,2011-05-23,168.77
2113,2011-05-20,166.72
2114,2011-05-19,167.08
2115,2011-05-18,167.39
2116,2011-05-17,167.47
2117,2011-05-16,167.83
2118,2011-05-13,166.96
2119,2011-05-12,167.44
2120,2011-05-11,165.59
2121,2011-05-09,166.48
2122,2011-05-06,167.25
2123,2011-05-04,165.33
2124,2011-05-03,164.75
2125,2011-05-02,164.07
2126,2011-04-29,164.63
2127,2011-04-28,164.85
2128,2011-04-27,165.77
2129,2011-04-26,166.14
2130,2011-04-25,165.56
2131,2011-04-22,165.87
2132,2011-04-21,165.67
2133,2011-04-20,165.46
2134,2011-04-19,166.85
2135,2011-04-18,166.67
2136,2011-04-15,166.89
2137,2011-04-14,166.6
2138,2011-04-13,166.38
2139,2011-04-12,166.72
2140,2011-04-11,166.17
2141,2011-04-08,165.69
2142,2011-04-07,166.33
2143,2011-04-06,166.01
2144,2011-04-05,166.67
2145,2011-04-04,166.23
2146,2011-04-01,166.6
2147,2011-03-31,167.43
2148,2011-03-30,167.81
2149,2011-03-29,169.26
2150,2011-03-28,169.89
2151,2011-03-25,169.73
2152,2011-03-24,170.71
2153,2011-03-23,171.19
2154,2011-03-22,170.76
2155,2011-03-21,171.3
2156,2011-03-18,171.88
2157,2011-03-17,172.56
2158,2011-03-16,172.08
2159,2011-03-15,172.6
2160,2011-03-14,171.43
2161,2011-03-11,170.91
2162,2011-03-10,170.88
2163,2011-03-09,169.97
2164,2011-03-08,170.25
2165,2011-03-07,170.31
2166,2011-03-04,169.89
2167,2011-03-03,170.56
2168,2011-03-02,171.53
2169,2011-02-28,171.57
2170,2011-02-25,171.57
2171,2011-02-24,172.64
2172,2011-02-23,170.74
2173,2011-02-22,171.66
2174,2011-02-21,170.17
2175,2011-02-18,169.33
2176,2011-02-17,169.58
2177,2011-02-16,169.45
2178,2011-02-15,170.12
2179,2011-02-14,170.61
2180,2011-02-11,171.1
2181,2011-02-10,170.04
2182,2011-02-09,168.29
2183,2011-02-08,168.1
2184,2011-02-07,168.64
2185,2011-02-01,169.41
2186,2011-01-31,169.8
2187,2011-01-28,169.25
2188,2011-01-27,169.41
2189,2011-01-26,169.61
2190,2011-01-25,169.96
2191,2011-01-24,170.35
2192,2011-01-21,170.4
2193,2011-01-20,170.3
2194,2011-01-19,168.92
2195,2011-01-18,169.13
2196,2011-01-17,169.53
2197,2011-01-14,169.27
2198,2011-01-13,168.59
2199,2011-01-12,169.45
2200,2011-01-11,169.79
2201,2011-01-10,169.63
2202,2011-01-07,169.7
2203,2011-01-06,168.75
2204,2011-01-05,170.29
2205,2011-01-04,169.73
2206,2011-01-03,170.71
2207,2010-12-31,169.88
2208,2010-12-30,171.71
2209,2010-12-29,172.75
2210,2010-12-28,173.4
2211,2010-12-27,173.68
2212,2010-12-24,173.53
2213,2010-12-23,173.28
2214,2010-12-22,173.19
2215,2010-12-21,173.44
2216,2010-12-20,173.05
2217,2010-12-17,173.33
2218,2010-12-16,172.95
2219,2010-12-15,173.81
2220,2010-12-14,171.42
2221,2010-12-13,171.75
2222,2010-12-10,171.45
2223,2010-12-09,171.16
2224,2010-12-08,171.85
2225,2010-12-07,170.36
2226,2010-12-06,170.61
2227,2010-12-03,170.91
2228,2010-12-02,173.02
2229,2010-12-01,172.19
2230,2010-11-30,173.92
2231,2010-11-29,172.93
2232,2010-11-26,172.97
2233,2010-11-25,171.04
2234,2010-11-24,172.62
2235,2010-11-23,174.58
2236,2010-11-22,169.78
2237,2010-11-19,170.3
2238,2010-11-18,170.77
2239,2010-11-17,172.68
2240,2010-11-16,169.71
2241,2010-11-15,171.03
2242,2010-11-12,169.89
2243,2010-11-11,167.23
2244,2010-11-10,167.27
2245,2010-11-09,167.33
2246,2010-11-08,166.73
2247,2010-11-05,166.4
2248,2010-11-04,165.64
2249,2010-11-03,165.79
2250,2010-11-02,166.49
2251,2010-11-01,167.17
2252,2010-10-29,168.47
2253,2010-10-28,168.21
2254,2010-10-27,169.35
2255,2010-10-26,167.87
2256,2010-10-25,167.59
2257,2010-10-22,169.74
2258,2010-10-21,169.63
2259,2010-10-20,169.67
2260,2010-10-19,169.58
2261,2010-10-18,168.5
2262,2010-10-15,167.38
2263,2010-10-14,166.89
2264,2010-10-13,167.97
2265,2010-10-12,169.9
2266,2010-10-11,167.92
2267,2010-10-08,168.37
2268,2010-10-07,167.0
2269,2010-10-06,167.19
2270,2010-10-05,168.58
2271,2010-10-04,168.31
2272,2010-10-01,168.27
2273,2010-09-30,169.84
2274,2010-09-29,170.79
2275,2010-09-28,171.21
2276,2010-09-27,171.65
2277,2010-09-24,172.49
2278,2010-09-20,173.06
2279,2010-09-17,172.42
2280,2010-09-16,172.86
2281,2010-09-15,172.71
2282,2010-09-14,172.03
2283,2010-09-13,171.54
2284,2010-09-10,172.16
2285,2010-09-09,171.86
2286,2010-09-08,172.47
2287,2010-09-07,173.58
2288,2010-09-06,172.54
2289,2010-09-03,173.01
2290,2010-09-02,173.33
2291,2010-09-01,173.89
2292,2010-08-31,175.96
2293,2010-08-30,175.25
2294,2010-08-27,176.01
2295,2010-08-26,175.3
2296,2010-08-25,175.51
2297,2010-08-24,175.46
2298,2010-08-23,173.86
2299,2010-08-20,174.28
2300,2010-08-19,172.84
2301,2010-08-18,172.58
2302,2010-08-17,173.04
2303,2010-08-16,174.74
2304,2010-08-13,174.8
2305,2010-08-12,175.27
2306,2010-08-11,174.49
2307,2010-08-10,172.47
2308,2010-08-09,171.61
2309,2010-08-06,171.75
2310,2010-08-05,172.02
2311,2010-08-04,172.74
2312,2010-08-03,172.49
2313,2010-08-02,173.36
2314,2010-07-30,174.89
2315,2010-07-29,174.8
2316,2010-07-28,174.92
2317,2010-07-27,174.34
2318,2010-07-26,175.34
2319,2010-07-23,176.37
2320,2010-07-22,177.48
2321,2010-07-21,177.71
2322,2010-07-20,178.26
2323,2010-07-19,179.22
2324,2010-07-16,177.42
2325,2010-07-15,177.27
2326,2010-07-14,177.05
2327,2010-07-13,178.74
2328,2010-07-12,177.74
2329,2010-07-09,176.65
2330,2010-07-08,178.28
2331,2010-07-07,180.42
2332,2010-07-06,179.77
2333,2010-07-05,180.92
2334,2010-07-02,181.18
2335,2010-07-01,180.94
2336,2010-06-30,179.58
2337,2010-06-29,179.12
2338,2010-06-28,177.26
2339,2010-06-25,179.15
2340,2010-06-24,175.6
2341,2010-06-23,174.01
2342,2010-06-22,173.72
2343,2010-06-21,172.65
2344,2010-06-18,175.25
2345,2010-06-17,177.59
2346,2010-06-16,177.37
2347,2010-06-15,179.71
2348,2010-06-14,179.08
2349,2010-06-11,183.14
2350,2010-06-10,182.73
2351,2010-06-09,183.47
2352,2010-06-08,180.56
2353,2010-06-07,180.67
2354,2010-06-04,176.0
2355,2010-06-03,176.33
2356,2010-06-01,179.71
2357,2010-05-31,176.06
2358,2010-05-28,174.36
2359,2010-05-27,179.17
2360,2010-05-26,183.47
2361,2010-05-25,186.26
2362,2010-05-24,177.89
2363,2010-05-20,174.16
2364,2010-05-19,170.66
2365,2010-05-18,167.51
2366,2010-05-17,168.94
2367,2010-05-14,165.99
2368,2010-05-13,165.21
2369,2010-05-12,166.83
2370,2010-05-11,166.33
2371,2010-05-10,165.12
2372,2010-05-07,168.9
2373,2010-05-06,167.59
2374,2010-05-04,163.56
2375,2010-05-03,163.75
2376,2010-04-30,162.19
2377,2010-04-29,163.36
2378,2010-04-28,164.01
2379,2010-04-27,162.91
2380,2010-04-26,161.73
2381,2010-04-23,162.51
2382,2010-04-22,162.38
2383,2010-04-21,162.37
2384,2010-04-20,163.5
2385,2010-04-19,164.08
2386,2010-04-16,162.68
2387,2010-04-15,162.56
2388,2010-04-14,163.14
2389,2010-04-13,164.39
2390,2010-04-12,163.45
2391,2010-04-09,163.55
2392,2010-04-08,164.68
2393,2010-04-07,164.25
2394,2010-04-06,164.49
2395,2010-04-05,164.46
2396,2010-04-02,164.98
2397,2010-04-01,165.03
2398,2010-03-31,165.41
2399,2010-03-30,165.7
2400,2010-03-29,165.99
2401,2010-03-26,166.91
2402,2010-03-25,167.13
2403,2010-03-24,166.65
2404,2010-03-23,166.79
2405,2010-03-22,166.49
2406,2010-03-19,165.95
2407,2010-03-18,166.09
2408,2010-03-17,165.31
2409,2010-03-16,166.21
2410,2010-03-15,166.24
2411,2010-03-12,165.34
2412,2010-03-11,166.0
2413,2010-03-10,165.86
2414,2010-03-09,166.27
2415,2010-03-08,165.75
2416,2010-03-05,167.17
2417,2010-03-04,167.91
2418,2010-03-03,168.05
2419,2010-03-02,168.89
2420,2010-02-26,169.78
2421,2010-02-25,170.22
2422,2010-02-24,169.05
2423,2010-02-23,167.94
2424,2010-02-22,168.07
2425,2010-02-19,169.94
2426,2010-02-18,168.09
2427,2010-02-17,167.47
2428,2010-02-16,168.57
2429,2010-02-12,168.84
2430,2010-02-11,169.4
2431,2010-02-10,169.69
2432,2010-02-09,170.16
2433,2010-02-08,171.68
2434,2010-02-05,171.54
2435,2010-02-04,168.9
2436,2010-02-03,168.24
2437,2010-02-02,169.78
2438,2010-02-01,171.1
2439,2010-01-29,169.49
2440,2010-01-28,168.68
2441,2010-01-27,170.29
2442,2010-01-26,170.52
2443,2010-01-25,168.39
2444,2010-01-22,167.88
2445,2010-01-21,166.78
2446,2010-01-20,166.63
2447,2010-01-19,165.09
2448,2010-01-18,164.87
2449,2010-01-15,164.65
2450,2010-01-14,164.32
2451,2010-01-13,164.88
2452,2010-01-12,164.52
2453,2010-01-11,164.01
2454,2010-01-08,165.8
2455,2010-01-07,166.31
2456,2010-01-06,166.75
2457,2010-01-05,167.06
2458,2010-01-04,168.9
2459,2009-12-31,169.79
2460,2009-12-30,170.35
2461,2009-12-29,171.41
2462,2009-12-28,171.41
2463,2009-12-24,172.24
2464,2009-12-23,173.49
2465,2009-12-22,172.66
2466,2009-12-21,173.4
2467,2009-12-18,172.38
2468,2009-12-17,172.59
2469,2009-12-16,170.56
2470,2009-12-15,170.14
2471,2009-12-14,169.58
2472,2009-12-11,170.44
2473,2009-12-10,170.6
2474,2009-12-09,170.18
2475,2009-12-08,169.46
2476,2009-12-07,169.0
2477,2009-12-04,168.47
2478,2009-12-03,168.62
2479,2009-12-02,169.12
2480,2009-12-01,170.08
2481,2009-11-30,170.07
2482,2009-11-27,173.09
2483,2009-11-26,169.26
2484,2009-11-25,168.87
2485,2009-11-24,169.64
2486,2009-11-23,169.09
2487,2009-11-20,169.9
2488,2009-11-19,169.61
2489,2009-11-18,168.98
2490,2009-11-17,169.05
2491,2009-11-16,169.06
2492,2009-11-13,169.95
2493,2009-11-12,169.71
2494,2009-11-11,169.5
2495,2009-11-10,169.91
2496,2009-11-09,169.86
2497,2009-11-06,171.09
2498,2009-11-05,173.14
2499,2009-11-04,173.08
2500,2009-11-03,173.26
2501,2009-11-02,173.42
2502,2009-10-30,173.4
2503,2009-10-29,174.72
2504,2009-10-28,174.89
2505,2009-10-27,173.52
2506,2009-10-26,172.32
2507,2009-10-23,173.14
2508,2009-10-22,174.73
2509,2009-10-21,172.4
2510,2009-10-20,170.96
2511,2009-10-19,171.25
2512,2009-10-16,170.44
2513,2009-10-15,169.41
2514,2009-10-14,170.55
2515,2009-10-13,171.26
2516,2009-10-12,171.59
2517,2009-10-09,170.55
2518,2009-10-08,170.88
2519,2009-10-07,171.46
2520,2009-10-06,171.46
2521,2009-10-05,171.76
2522,2009-10-01,172.06
2523,2009-09-30,172.56
2524,2009-09-29,174.09
2525,2009-09-28,175.04
2526,2009-09-25,173.62
2527,2009-09-24,174.47
2528,2009-09-23,175.3
2529,2009-09-22,176.01
2530,2009-09-21,176.7
2531,2009-09-18,177.12
2532,2009-09-17,176.67
2533,2009-09-16,176.9
2534,2009-09-15,178.14
2535,2009-09-14,179.56
2536,2009-09-11,178.98
2537,2009-09-10,179.1
2538,2009-09-09,179.83
2539,2009-09-08,180.08
2540,2009-09-07,180.79
2541,2009-09-04,181.76
2542,2009-09-03,182.34
2543,2009-09-02,183.07
2544,2009-09-01,181.91
2545,2009-08-31,182.94
2546,2009-08-28,182.34
2547,2009-08-27,182.7
2548,2009-08-26,182.48
2549,2009-08-25,182.54
2550,2009-08-24,181.89
2551,2009-08-21,182.84
2552,2009-08-20,182.47
2553,2009-08-19,184.0
2554,2009-08-18,182.69
2555,2009-08-17,184.0
2556,2009-08-14,181.29
2557,2009-08-13,180.88
2558,2009-08-12,182.89
2559,2009-08-11,181.0
2560,2009-08-10,179.6
2561,2009-08-07,179.9
2562,2009-08-06,179.21
2563,2009-08-05,179.33
2564,2009-08-04,178.85
2565,2009-08-03,178.83
2566,2009-07-31,180.01
2567,2009-07-30,180.93
2568,2009-07-29,181.97
2569,2009-07-28,180.71
2570,2009-07-27,181.95
2571,2009-07-24,182.76
2572,2009-07-23,182.78
2573,2009-07-22,183.0
2574,2009-07-21,182.99
2575,2009-07-20,182.55
2576,2009-07-17,184.43
2577,2009-07-16,185.61
2578,2009-07-15,187.07
2579,2009-07-14,189.4
2580,2009-07-13,191.37
2581,2009-07-10,188.08
2582,2009-07-09,187.1
2583,2009-07-08,187.23
2584,2009-07-07,186.36
2585,2009-07-06,186.19
2586,2009-07-03,185.72
2587,2009-07-02,185.82
2588,2009-07-01,184.98
2589,2009-06-30,186.21
2590,2009-06-29,187.97
2591,2009-06-26,187.91
2592,2009-06-25,188.68
2593,2009-06-24,187.88
2594,2009-06-23,188.08
2595,2009-06-22,186.75
2596,2009-06-19,185.34
2597,2009-06-18,185.1
2598,2009-06-17,184.29
2599,2009-06-16,183.87
2600,2009-06-15,185.11
2601,2009-06-12,183.51
2602,2009-06-11,183.49
2603,2009-06-10,182.28
2604,2009-06-09,184.78
2605,2009-06-08,183.85
2606,2009-06-05,182.19
2607,2009-06-04,182.2
2608,2009-06-03,180.73
2609,2009-06-02,181.79
2610,2009-06-01,180.65
2611,2009-05-29,183.5
2612,2009-05-28,184.07
2613,2009-05-27,185.94
2614,2009-05-26,185.51
2615,2009-05-25,183.64
2616,2009-05-22,182.65
2617,2009-05-21,182.42
2618,2009-05-20,182.43
2619,2009-05-19,181.98
2620,2009-05-18,184.32
2621,2009-05-15,185.05
2622,2009-05-14,185.7
2623,2009-05-13,182.22
2624,2009-05-12,181.43
2625,2009-05-11,182.79
2626,2009-05-08,182.66
2627,2009-05-07,185.14
2628,2009-05-06,186.43
2629,2009-05-04,186.89
2630,2009-04-30,189.02
2631,2009-04-29,195.6
2632,2009-04-28,198.73
2633,2009-04-27,197.17
2634,2009-04-24,196.58
2635,2009-04-23,197.08
2636,2009-04-22,198.3
2637,2009-04-21,197.51
2638,2009-04-20,195.68
2639,2009-04-17,194.96
2640,2009-04-16,195.27
2641,2009-04-15,194.91
2642,2009-04-14,193.73
2643,2009-04-13,193.93
2644,2009-04-10,195.21
2645,2009-04-09,193.84
2646,2009-04-08,197.76
2647,2009-04-07,193.5
2648,2009-04-06,192.18
2649,2009-04-03,196.21
2650,2009-04-02,195.27
2651,2009-04-01,202.24
2652,2009-03-31,200.12
2653,2009-03-30,204.06
2654,2009-03-27,197.46
2655,2009-03-26,195.85
2656,2009-03-25,199.8
2657,2009-03-24,202.08
2658,2009-03-23,203.75
2659,2009-03-20,205.83
2660,2009-03-19,204.42
2661,2009-03-18,207.97
2662,2009-03-17,206.07
2663,2009-03-16,209.42
2664,2009-03-13,217.17
2665,2009-03-12,219.05
2666,2009-03-11,216.33
2667,2009-03-10,221.64
2668,2009-03-09,226.39
2669,2009-03-06,226.65
2670,2009-03-05,228.62
2671,2009-03-04,226.69
2672,2009-03-03,226.93
2673,2009-03-02,230.16
2674,2009-02-27,224.19
2675,2009-02-26,221.49
2676,2009-02-25,221.56
2677,2009-02-24,221.41
2678,2009-02-23,217.56
2679,2009-02-20,220.48
2680,2009-02-19,217.56
2681,2009-02-18,214.05
2682,2009-02-17,213.45
2683,2009-02-16,209.08
2684,2009-02-13,205.59
2685,2009-02-12,205.12
2686,2009-02-11,204.13
2687,2009-02-10,202.71
2688,2009-02-09,202.4
2689,2009-02-06,201.76
2690,2009-02-05,202.49
2691,2009-02-04,202.43
2692,2009-02-03,203.51
2693,2009-02-02,203.21
2694,2009-01-30,201.83
2695,2009-01-29,201.17
2696,2009-01-28,201.46
2697,2009-01-23,203.14
2698,2009-01-22,201.32
2699,2009-01-21,201.08
2700,2009-01-20,201.16
2701,2009-01-19,200.39
2702,2009-01-16,198.98
2703,2009-01-15,202.19
2704,2009-01-14,196.49
2705,2009-01-13,197.89
2706,2009-01-12,197.74
2707,2009-01-09,195.38
2708,2009-01-08,194.94
2709,2009-01-07,189.6
2710,2009-01-06,191.23
2711,2009-01-05,192.41
2712,2009-01-02,193.59
2713,2008-12-31,191.52
2714,2008-12-30,193.71
2715,2008-12-29,187.59
2716,2008-12-26,190.36
2717,2008-12-24,191.82
2718,2008-12-23,197.95
2719,2008-12-22,192.39
2720,2008-12-19,188.73
2721,2008-12-18,189.17
2722,2008-12-17,192.11
2723,2008-12-16,198.98
2724,2008-12-15,200.09
2725,2008-12-12,200.88
2726,2008-12-11,198.32
2727,2008-12-10,203.18
2728,2008-12-09,210.62
2729,2008-12-08,211.14
2730,2008-12-05,214.49
2731,2008-12-04,214.56
2732,2008-12-03,213.52
2733,2008-12-02,212.88
2734,2008-12-01,211.06
2735,2008-11-28,214.23
2736,2008-11-27,216.46
2737,2008-11-26,216.51
2738,2008-11-25,220.05
2739,2008-11-24,221.88
2740,2008-11-21,220.25
2741,2008-11-20,219.52
2742,2008-11-19,212.1
2743,2008-11-18,210.86
2744,2008-11-17,206.02
2745,2008-11-14,204.76
2746,2008-11-13,203.51
2747,2008-11-12,198.15
2748,2008-11-11,197.22
2749,2008-11-10,195.25
2750,2008-11-07,193.79
2751,2008-11-06,194.29
2752,2008-11-05,185.3
2753,2008-11-04,187.22
2754,2008-11-03,184.78
2755,2008-10-31,189.74
2756,2008-10-30,185.8
2757,2008-10-29,207.6
2758,2008-10-28,214.26
2759,2008-10-27,212.34
2760,2008-10-24,210.37
2761,2008-10-23,206.15
2762,2008-10-22,199.33
2763,2008-10-21,193.96
2764,2008-10-20,192.56
2765,2008-10-17,191.74
2766,2008-10-16,196.93
2767,2008-10-15,181.99
2768,2008-10-14,176.43
2769,2008-10-13,181.07
2770,2008-10-10,188.26
2771,2008-10-09,201.38
2772,2008-10-08,204.4
2773,2008-10-07,191.95
2774,2008-10-06,185.83
2775,2008-10-02,178.93
2776,2008-10-01,173.54
2777,2008-09-30,176.51
2778,2008-09-29,173.17
2779,2008-09-26,170.47
2780,2008-09-25,169.35
2781,2008-09-24,169.53
2782,2008-09-23,167.77
2783,2008-09-22,166.64
2784,2008-09-19,166.33
2785,2008-09-18,167.35
2786,2008-09-17,164.13
2787,2008-09-16,169.74
2788,2008-09-12,162.3
2789,2008-09-11,161.97
2790,2008-09-10,159.78
2791,2008-09-09,160.98
2792,2008-09-08,158.96
2793,2008-09-05,163.91
2794,2008-09-04,164.54
2795,2008-09-03,168.08
2796,2008-09-02,165.69
2797,2008-09-01,162.95
2798,2008-08-29,159.21
2799,2008-08-28,158.41
2800,2008-08-27,158.49
2801,2008-08-26,159.07
2802,2008-08-25,157.87
2803,2008-08-22,155.39
2804,2008-08-21,153.76
2805,2008-08-20,152.96
2806,2008-08-19,152.73
2807,2008-08-18,152.39
2808,2008-08-14,151.8
2809,2008-08-13,151.39
2810,2008-08-12,150.91
2811,2008-08-11,150.65
2812,2008-08-08,149.95
2813,2008-08-07,148.42
2814,2008-08-06,148.19
2815,2008-08-05,148.69
2816,2008-08-04,148.69
2817,2008-08-01,148.52
2818,2008-07-31,148.26
2819,2008-07-30,148.56
2820,2008-07-29,147.54
2821,2008-07-28,147.51
2822,2008-07-25,148.09
2823,2008-07-24,147.5
2824,2008-07-23,148.72
2825,2008-07-22,149.3
2826,2008-07-21,149.57
2827,2008-07-18,148.72
2828,2008-07-17,148.57
2829,2008-07-16,148.1
2830,2008-07-15,148.02
2831,2008-07-14,147.15
2832,2008-07-11,146.72
2833,2008-07-10,146.62
2834,2008-07-09,146.85
2835,2008-07-08,150.67
2836,2008-07-07,152.2
2837,2008-07-04,153.34
2838,2008-07-03,152.51
2839,2008-07-02,151.98
2840,2008-07-01,152.71
2841,2008-06-30,152.57
2842,2008-06-27,151.95
2843,2008-06-26,151.29
2844,2008-06-25,151.3
2845,2008-06-24,150.58
2846,2008-06-23,151.53
2847,2008-06-20,149.63
2848,2008-06-19,149.48
2849,2008-06-18,149.67
2850,2008-06-17,148.72
2851,2008-06-16,150.68
2852,2008-06-13,151.09
2853,2008-06-12,149.84
2854,2008-06-11,148.78
2855,2008-06-10,148.27
2856,2008-06-09,149.04
2857,2008-06-05,147.56
2858,2008-06-04,146.67
2859,2008-06-03,146.8
2860,2008-06-02,147.59
2861,2008-05-30,148.51
2862,2008-05-29,148.54
2863,2008-05-28,149.47
2864,2008-05-27,150.12
2865,2008-05-26,151.08
2866,2008-05-23,150.84
2867,2008-05-22,150.36
2868,2008-05-21,149.93
2869,2008-05-20,149.82
2870,2008-05-19,149.5
2871,2008-05-16,149.03
2872,2008-05-15,149.62
2873,2008-05-14,150.46
2874,2008-05-13,149.46
2875,2008-05-09,149.46
2876,2008-05-08,149.86
2877,2008-05-07,146.94
2878,2008-05-06,145.52
2879,2008-05-02,144.77
2880,2008-04-30,143.66
2881,2008-04-29,143.29
2882,2008-04-28,142.58
2883,2008-04-25,142.59
2884,2008-04-24,142.77
2885,2008-04-23,142.19
2886,2008-04-22,143.01
2887,2008-04-21,142.01
2888,2008-04-18,143.13
2889,2008-04-17,142.31
2890,2008-04-16,141.56
2891,2008-04-15,141.13
2892,2008-04-14,140.08
2893,2008-04-11,139.55
2894,2008-04-10,139.63
2895,2008-04-08,139.44
2896,2008-04-07,139.27
2897,2008-04-04,138.92
2898,2008-04-03,139.17
2899,2008-04-02,138.85
2900,2008-04-01,140.28
2901,2008-03-31,141.24
2902,2008-03-28,141.65
2903,2008-03-27,140.85
2904,2008-03-26,140.27
2905,2008-03-25,138.51
2906,2008-03-24,141.39
2907,2008-03-21,142.22
2908,2008-03-20,143.2
2909,2008-03-19,142.81
2910,2008-03-18,143.2
2911,2008-03-17,145.35
2912,2008-03-14,140.78
2913,2008-03-13,138.46
2914,2008-03-12,136.74
2915,2008-03-11,136.57
2916,2008-03-10,135.88
2917,2008-03-07,134.78
2918,2008-03-06,133.56
2919,2008-03-05,133.44
2920,2008-03-04,133.26
2921,2008-03-03,133.23
2922,2008-02-29,131.88
2923,2008-02-28,131.16
2924,2008-02-27,131.69
2925,2008-02-26,132.45
2926,2008-02-25,132.62
2927,2008-02-22,132.82
2928,2008-02-21,132.75
2929,2008-02-20,132.31
2930,2008-02-19,131.83
2931,2008-02-18,131.84
2932,2008-02-15,131.63
2933,2008-02-14,131.57
2934,2008-02-13,131.65
2935,2008-02-12,131.58
2936,2008-02-11,131.57
2937,2008-02-05,131.1
2938,2008-02-04,131.25
2939,2008-02-01,131.46
2940,2008-01-31,131.26
2941,2008-01-30,131.3
2942,2008-01-29,131.21
2943,2008-01-28,131.75
2944,2008-01-25,131.28
2945,2008-01-24,131.4
2946,2008-01-23,131.78
2947,2008-01-22,131.88
2948,2008-01-21,131.01
2949,2008-01-18,130.22
2950,2008-01-17,130.74
2951,2008-01-16,129.81
2952,2008-01-15,129.13
2953,2008-01-14,129.16
2954,2008-01-11,129.15
2955,2008-01-10,129.08
2956,2008-01-09,129.03
2957,2008-01-08,129.29
2958,2008-01-07,129.37
2959,2008-01-04,129.04
2960,2008-01-03,128.65
2961,2008-01-02,128.43
2962,2007-12-31,127.6
2963,2007-12-28,128.06
2964,2007-12-27,128.54
2965,2007-12-26,128.1
2966,2007-12-24,127.88
2967,2007-12-21,127.86
2968,2007-12-20,128.13
2969,2007-12-18,127.3
2970,2007-12-17,126.66
2971,2007-12-14,126.37
2972,2007-12-13,125.59
2973,2007-12-12,125.75
2974,2007-12-11,125.2
2975,2007-12-10,124.98
2976,2007-12-07,124.22
2977,2007-12-06,124.72
2978,2007-12-05,124.94
2979,2007-12-04,124.72
2980,2007-12-03,125.03
2981,2007-11-30,124.78
2982,2007-11-29,125.58
2983,2007-11-28,126.04
2984,2007-11-27,125.82
2985,2007-11-26,125.65
2986,2007-11-23,125.82
2987,2007-11-22,125.97
2988,2007-11-21,125.1
2989,2007-11-20,124.19
2990,2007-11-19,123.78
2991,2007-11-16,123.61
2992,2007-11-15,123.3
2993,2007-11-14,123.06
2994,2007-11-13,123.95
2995,2007-11-12,122.97
2996,2007-11-09,122.34
2997,2007-11-08,122.39
2998,2007-11-07,121.75
2999,2007-11-06,121.81
3000,2007-11-05,121.84
3001,2007-11-02,121.69
3002,2007-11-01,121.2
3003,2007-10-31,120.62
3004,2007-10-30,121.42
3005,2007-10-29,121.37
3006,2007-10-26,121.61
3007,2007-10-25,122.49
3008,2007-10-24,122.53
3009,2007-10-23,122.38
3010,2007-10-22,122.24
3011,2007-10-19,122.03
3012,2007-10-18,122.22
3013,2007-10-17,122.29
3014,2007-10-16,122.17
3015,2007-10-15,122.08
3016,2007-10-12,122.34
3017,2007-10-11,122.17
3018,2007-10-10,122.06
3019,2007-10-09,122.41
3020,2007-10-08,121.94
3021,2007-10-05,122.15
3022,2007-10-04,122.13
3023,2007-10-02,121.78
3024,2007-10-01,121.75
3025,2007-09-28,121.89
3026,2007-09-27,122.57
3027,2007-09-21,122.76
3028,2007-09-20,122.87
3029,2007-09-19,123.35
3030,2007-09-18,123.76
3031,2007-09-17,123.62
3032,2007-09-14,123.61
3033,2007-09-13,123.92
3034,2007-09-12,124.0
3035,2007-09-11,124.49
3036,2007-09-10,124.79
3037,2007-09-07,124.42
3038,2007-09-06,124.53
3039,2007-09-05,124.25
3040,2007-09-04,124.48
3041,2007-09-03,124.24
3042,2007-08-31,124.37
3043,2007-08-30,124.59
3044,2007-08-29,124.78
3045,2007-08-28,124.4
3046,2007-08-27,124.15
3047,2007-08-24,124.48
3048,2007-08-23,124.17
3049,2007-08-22,124.32
3050,2007-08-21,124.37
3051,2007-08-20,124.18
3052,2007-08-17,125.05
3053,2007-08-16,124.68
3054,2007-08-14,123.1
3055,2007-08-13,122.72
3056,2007-08-10,123.14
3057,2007-08-09,122.08
3058,2007-08-08,122.08
3059,2007-08-07,122.06
3060,2007-08-06,122.19
3061,2007-08-03,121.96
3062,2007-08-02,121.98
3063,2007-08-01,122.34
3064,2007-07-31,121.52
3065,2007-07-30,122.05
3066,2007-07-27,121.92
3067,2007-07-26,121.46
3068,2007-07-25,120.98
3069,2007-07-24,120.88
3070,2007-07-23,121.03
3071,2007-07-20,120.98
3072,2007-07-19,121.13
3073,2007-07-18,121.15
3074,2007-07-16,121.37
3075,2007-07-13,121.2
3076,2007-07-12,121.42
3077,2007-07-11,121.46
3078,2007-07-10,121.28
3079,2007-07-09,121.16
3080,2007-07-06,121.03
3081,2007-07-05,121.4
3082,2007-07-04,121.14
3083,2007-07-03,120.85
3084,2007-07-02,121.2
3085,2007-06-29,121.31
3086,2007-06-28,121.72
3087,2007-06-27,121.81
3088,2007-06-26,121.64
3089,2007-06-25,121.63
3090,2007-06-22,121.87
3091,2007-06-21,121.69
3092,2007-06-20,121.8
3093,2007-06-19,121.75
3094,2007-06-18,121.82
3095,2007-06-15,121.83
3096,2007-06-14,121.95
3097,2007-06-13,122.16
3098,2007-06-12,121.58
3099,2007-06-11,121.74
3100,2007-06-08,121.73
3101,2007-06-07,121.39
3102,2007-06-05,121.3
3103,2007-06-04,121.35
3104,2007-06-01,121.4
3105,2007-05-31,121.33
3106,2007-05-30,121.75
3107,2007-05-29,121.3
3108,2007-05-28,121.44
3109,2007-05-25,121.32
3110,2007-05-23,121.68
3111,2007-05-22,121.54
3112,2007-05-21,121.4
3113,2007-05-18,121.74
3114,2007-05-17,120.93
3115,2007-05-16,120.31
3116,2007-05-15,120.32
3117,2007-05-14,120.37
3118,2007-05-11,120.6
3119,2007-05-10,120.24
3120,2007-05-09,120.0
3121,2007-05-08,119.95
3122,2007-05-07,119.76
3123,2007-05-04,120.38
3124,2007-05-03,120.29
3125,2007-05-02,120.75
3126,2007-04-30,120.8
3127,2007-04-27,120.44
3128,2007-04-26,120.35
3129,2007-04-25,120.07
3130,2007-04-24,120.1
3131,2007-04-23,120.02
3132,2007-04-20,120.2
3133,2007-04-19,120.36
3134,2007-04-18,120.2
3135,2007-04-17,120.21
3136,2007-04-16,120.67
3137,2007-04-13,120.33
3138,2007-04-12,120.65
3139,2007-04-11,120.67
3140,2007-04-10,120.89
3141,2007-04-09,120.84
3142,2007-04-06,120.68
3143,2007-04-05,120.76
3144,2007-04-04,121.1
3145,2007-04-03,121.27
3146,2007-04-02,121.33
3147,2007-03-30,121.77
3148,2007-03-29,121.75
3149,2007-03-28,121.52
3150,2007-03-27,121.67
3151,2007-03-26,121.39
3152,2007-03-23,121.32
3153,2007-03-22,121.35
3154,2007-03-21,121.3
3155,2007-03-20,121.74
3156,2007-03-19,122.0
3157,2007-03-16,122.1
3158,2007-03-15,122.05
3159,2007-03-14,122.27
3160,2007-03-13,122.03
3161,2007-03-12,121.91
3162,2007-03-09,122.23
3163,2007-03-08,122.53
3164,2007-03-07,122.59
3165,2007-03-06,122.35
3166,2007-03-05,122.92
3167,2007-03-02,121.83
3168,2007-02-28,121.73
3169,2007-02-27,121.26
3170,2007-02-26,121.27
3171,2007-02-23,121.19
3172,2007-02-22,121.29
3173,2007-02-21,121.24
3174,2007-02-20,121.24
3175,2007-02-16,120.87
3176,2007-02-15,120.62
3177,2007-02-14,121.05
3178,2007-02-13,121.15
3179,2007-02-12,120.95
3180,2007-02-09,120.64
3181,2007-02-08,120.7
3182,2007-02-07,120.52
3183,2007-02-06,120.25
3184,2007-02-05,120.57
3185,2007-02-02,120.85
3186,2007-02-01,120.68
3187,2007-01-31,121.05
3188,2007-01-30,121.19
3189,2007-01-29,120.96
3190,2007-01-26,120.96
3191,2007-01-25,120.46
3192,2007-01-24,120.43
3193,2007-01-23,120.94
3194,2007-01-22,120.91
3195,2007-01-19,120.44
3196,2007-01-18,120.41
3197,2007-01-17,120.44
3198,2007-01-16,120.15
3199,2007-01-15,120.46
3200,2007-01-12,120.59
3201,2007-01-11,120.45
3202,2007-01-10,120.11
3203,2007-01-09,120.2
3204,2007-01-08,120.13
3205,2007-01-05,119.66
3206,2007-01-04,119.26
3207,2007-01-03,118.6
3208,2007-01-02,118.59
3209,2006-12-29,118.87
3210,2006-12-28,118.82
3211,2006-12-27,119.03
3212,2006-12-26,118.91
3213,2006-12-22,118.76
3214,2006-12-21,118.58
3215,2006-12-20,118.42
3216,2006-12-19,119.03
3217,2006-12-18,118.58
3218,2006-12-15,118.06
3219,2006-12-14,117.77
3220,2006-12-13,117.9
3221,2006-12-12,117.92
3222,2006-12-11,118.33
3223,2006-12-08,117.63
3224,2006-12-07,116.83
3225,2006-12-06,117.18
3226,2006-12-05,118.14
3227,2006-12-04,118.54
3228,2006-12-01,118.6
3229,2006-11-30,118.57
3230,2006-11-29,118.69
3231,2006-11-28,118.57
3232,2006-11-27,118.67
3233,2006-11-24,118.66
3234,2006-11-23,118.46
3235,2006-11-22,118.84
3236,2006-11-21,118.88
3237,2006-11-20,118.93
3238,2006-11-17,119.29
3239,2006-11-16,119.2
3240,2006-11-15,119.74
3241,2006-11-14,119.09
3242,2006-11-13,118.97
3243,2006-11-10,118.84
3244,2006-11-09,119.08
3245,2006-11-08,118.89
3246,2006-11-07,119.15
3247,2006-11-06,119.62
3248,2006-11-03,119.06
3249,2006-11-02,119.28
3250,2006-11-01,119.35
3251,2006-10-31,119.66
3252,2006-10-30,119.95
3253,2006-10-27,120.11
3254,2006-10-26,120.38
3255,2006-10-25,121.02
3256,2006-10-24,121.37
3257,2006-10-23,121.48
3258,2006-10-20,121.19
3259,2006-10-19,121.14
3260,2006-10-18,120.77
3261,2006-10-17,120.78
3262,2006-10-16,120.9
3263,2006-10-13,120.87
3264,2006-10-12,121.16
3265,2006-10-11,121.09
3266,2006-10-10,121.42
3267,2006-10-09,121.88
3268,2006-10-04,120.14
3269,2006-10-02,119.99
3270,2006-09-29,119.77
3271,2006-09-28,119.61
3272,2006-09-27,119.43
3273,2006-09-26,119.32
3274,2006-09-25,119.3
3275,2006-09-22,119.67
3276,2006-09-21,119.23
3277,2006-09-20,119.97
3278,2006-09-19,120.03
3279,2006-09-18,120.47
3280,2006-09-15,120.44
3281,2006-09-14,120.54
3282,2006-09-13,120.7
3283,2006-09-12,120.76
3284,2006-09-11,120.49
3285,2006-09-08,120.28
3286,2006-09-07,120.45
3287,2006-09-06,120.49
3288,2006-09-05,120.51
3289,2006-09-04,120.57
3290,2006-09-01,120.77
3291,2006-08-31,120.87
3292,2006-08-30,120.82
3293,2006-08-29,120.68
3294,2006-08-28,120.93
3295,2006-08-25,120.68
3296,2006-08-24,120.35
3297,2006-08-23,119.95
3298,2006-08-22,120.06
3299,2006-08-21,120.07
3300,2006-08-18,120.2
3301,2006-08-17,120.5
3302,2006-08-16,120.88
3303,2006-08-14,121.14
3304,2006-08-11,120.68
3305,2006-08-10,120.26
3306,2006-08-09,120.33
3307,2006-08-08,120.92
3308,2006-08-07,120.82
3309,2006-08-04,121.01
3310,2006-08-03,121.12
3311,2006-08-02,120.77
3312,2006-08-01,119.95
3313,2006-07-31,119.85
3314,2006-07-28,119.63
3315,2006-07-27,119.21
3316,2006-07-26,119.52
3317,2006-07-25,119.25
3318,2006-07-24,119.23
3319,2006-07-21,118.94
3320,2006-07-20,119.11
3321,2006-07-19,119.71
3322,2006-07-18,119.83
3323,2006-07-14,119.3
3324,2006-07-13,118.77
3325,2006-07-12,118.75
3326,2006-07-11,118.5
3327,2006-07-10,117.9
3328,2006-07-07,118.64
3329,2006-07-06,118.77
3330,2006-07-05,118.43
3331,2006-07-04,118.03
3332,2006-07-03,118.23
3333,2006-06-30,118.73
3334,2006-06-29,120.09
3335,2006-06-28,119.76
3336,2006-06-27,119.88
3337,2006-06-26,119.94
3338,2006-06-23,119.53
3339,2006-06-22,119.4
3340,2006-06-21,119.5
3341,2006-06-20,119.55
3342,2006-06-19,120.2
3343,2006-06-16,119.53
3344,2006-06-15,119.97
3345,2006-06-14,120.23
3346,2006-06-13,120.12
3347,2006-06-12,119.41
3348,2006-06-09,119.11
3349,2006-06-08,118.93
3350,2006-06-07,118.3
3351,2006-06-05,117.56
3352,2006-06-02,118.23
3353,2006-06-01,118.13
3354,2006-05-30,117.78
3355,2006-05-29,118.11
3356,2006-05-26,117.91
3357,2006-05-25,118.3
3358,2006-05-24,118.45
3359,2006-05-23,117.77
3360,2006-05-22,118.81
3361,2006-05-19,118.17
3362,2006-05-18,118.29
3363,2006-05-17,117.08
3364,2006-05-16,118.14
3365,2006-05-15,117.98
3366,2006-05-12,116.53
3367,2006-05-11,116.88
3368,2006-05-10,116.16
3369,2006-05-09,116.43
3370,2006-05-08,115.88
3371,2006-05-04,117.21
3372,2006-05-03,116.6
3373,2006-05-02,117.32
3374,2006-04-28,117.72
3375,2006-04-27,117.85
3376,2006-04-26,118.08
3377,2006-04-25,117.95
3378,2006-04-24,117.26
3379,2006-04-21,118.39
3380,2006-04-20,118.37
3381,2006-04-19,118.05
3382,2006-04-18,119.08
3383,2006-04-17,119.21
3384,2006-04-14,119.65
3385,2006-04-13,120.01
3386,2006-04-12,119.96
3387,2006-04-11,119.28
3388,2006-04-10,119.14
3389,2006-04-07,119.0
3390,2006-04-06,119.11
3391,2006-04-05,119.56
3392,2006-04-04,120.14
3393,2006-04-03,121.09
3394,2006-03-31,121.21
3395,2006-03-30,121.66
3396,2006-03-29,121.62
3397,2006-03-28,121.78
3398,2006-03-27,121.6
3399,2006-03-24,121.99
3400,2006-03-23,121.49
3401,2006-03-22,121.29
3402,2006-03-21,120.67
3403,2006-03-20,120.54
3404,2006-03-17,120.99
3405,2006-03-16,121.37
3406,2006-03-15,121.26
3407,2006-03-14,121.43
3408,2006-03-13,121.8
3409,2006-03-10,121.79
3410,2006-03-09,122.05
3411,2006-03-08,122.11
3412,2006-03-07,121.49
3413,2006-03-06,121.33
3414,2006-03-03,120.86
3415,2006-03-02,120.58
3416,2006-02-28,120.76
3417,2006-02-27,120.52
3418,2006-02-24,120.15
3419,2006-02-23,120.42
3420,2006-02-22,121.1
3421,2006-02-21,120.37
3422,2006-02-20,120.16
3423,2006-02-17,120.85
3424,2006-02-16,121.1
3425,2006-02-15,121.03
3426,2006-02-14,120.53
3427,2006-02-13,121.38
3428,2006-02-10,120.14
3429,2006-02-09,120.78
3430,2006-02-08,120.5
3431,2006-02-07,120.13
3432,2006-02-06,119.5
3433,2006-02-03,120.37
3434,2006-02-02,120.58
3435,2006-02-01,119.22
3436,2006-01-31,119.67
3437,2006-01-27,120.42
3438,2006-01-26,120.21
3439,2006-01-25,120.17
3440,2006-01-24,121.01
3441,2006-01-23,121.68
3442,2006-01-20,122.39
3443,2006-01-19,122.08
3444,2006-01-18,122.97
3445,2006-01-17,122.61
3446,2006-01-16,121.75
3447,2006-01-13,122.43
3448,2006-01-12,120.69
3449,2006-01-11,122.03
3450,2006-01-10,121.75
3451,2006-01-09,121.17
3452,2006-01-06,122.47
3453,2006-01-05,122.34
3454,2006-01-04,123.71
3455,2006-01-03,124.58
3456,2006-01-02,124.9
3457,2005-12-30,124.46
3458,2005-12-29,125.31
3459,2005-12-28,125.41
3460,2005-12-27,125.38
3461,2005-12-26,125.28
3462,2005-12-23,125.47
3463,2005-12-22,126.0
3464,2005-12-21,126.12
3465,2005-12-20,125.91
3466,2005-12-19,126.05
3467,2005-12-16,125.86
3468,2005-12-15,125.58
3469,2005-12-14,125.87
3470,2005-12-13,127.03
3471,2005-12-12,127.99
3472,2005-12-09,127.98
3473,2005-12-08,128.07
3474,2005-12-07,128.18
3475,2005-12-06,127.98
3476,2005-12-05,128.26
3477,2005-12-02,128.53
3478,2005-12-01,128.05
3479,2005-11-30,127.91
3480,2005-11-29,128.22
3481,2005-11-28,128.5
3482,2005-11-25,128.85
3483,2005-11-24,128.43
3484,2005-11-23,128.25
3485,2005-11-22,129.22
3486,2005-11-21,128.58
3487,2005-11-18,128.16
3488,2005-11-17,128.1
3489,2005-11-16,128.31
3490,2005-11-15,127.98
3491,2005-11-14,128.38
3492,2005-11-11,128.81
3493,2005-11-10,129.2
3494,2005-11-09,129.35
3495,2005-11-08,129.63
3496,2005-11-07,129.8
3497,2005-11-04,129.62
3498,2005-11-03,129.08
3499,2005-11-02,128.56
3500,2005-11-01,128.93
3501,2005-10-31,128.67
3502,2005-10-28,128.9
3503,2005-10-27,129.01
3504,2005-10-26,128.86
3505,2005-10-25,130.38
3506,2005-10-24,130.82
3507,2005-10-21,130.76
3508,2005-10-20,130.47
3509,2005-10-19,130.37
3510,2005-10-18,129.99
3511,2005-10-17,129.46
3512,2005-10-14,129.2
3513,2005-10-13,129.51
3514,2005-10-12,128.95
3515,2005-10-11,128.82
3516,2005-10-10,128.26
3517,2005-10-07,128.18
3518,2005-10-06,128.76
3519,2005-10-05,128.41
3520,2005-10-04,128.65
3521,2005-09-30,128.63
3522,2005-09-29,128.12
3523,2005-09-28,128.19
3524,2005-09-27,127.99
3525,2005-09-26,127.88
3526,2005-09-23,127.46
3527,2005-09-22,127.0
3528,2005-09-21,127.31
3529,2005-09-20,127.13
3530,2005-09-16,127.07
3531,2005-09-15,126.64
3532,2005-09-14,126.66
3533,2005-09-13,126.75
3534,2005-09-12,126.6
3535,2005-09-09,126.89
3536,2005-09-08,126.75
3537,2005-09-07,126.8
3538,2005-09-06,126.56
3539,2005-09-05,126.58
3540,2005-09-02,126.8
3541,2005-09-01,127.95
3542,2005-08-31,128.24
3543,2005-08-30,127.75
3544,2005-08-29,127.36
3545,2005-08-26,127.0
3546,2005-08-25,126.41
3547,2005-08-24,126.87
3548,2005-08-23,126.73
3549,2005-08-22,126.17
3550,2005-08-19,126.59
3551,2005-08-18,125.75
3552,2005-08-17,125.68
3553,2005-08-16,125.51
3554,2005-08-12,125.16
3555,2005-08-11,125.19
3556,2005-08-10,125.16
3557,2005-08-09,124.91
3558,2005-08-08,125.37
3559,2005-08-05,125.13
3560,2005-08-04,124.81
3561,2005-08-03,125.54
3562,2005-08-02,125.9
3563,2005-08-01,126.38
3564,2005-07-29,126.64
3565,2005-07-28,126.7
3566,2005-07-27,127.13
3567,2005-07-26,126.63
3568,2005-07-25,126.09
3569,2005-07-22,125.92
3570,2005-07-21,125.11
3571,2005-07-20,125.93
3572,2005-07-19,125.64
3573,2005-07-18,125.03
3574,2005-07-15,125.91
3575,2005-07-14,124.67
3576,2005-07-13,125.28
3577,2005-07-12,125.6
3578,2005-07-11,126.1
3579,2005-07-08,127.45
3580,2005-07-07,127.17
3581,2005-07-06,126.6
3582,2005-07-05,127.23
3583,2005-07-04,126.07
3584,2005-07-01,124.62
3585,2005-06-30,123.89
3586,2005-06-29,123.98
3587,2005-06-28,123.36
3588,2005-06-27,122.31
3589,2005-06-24,122.33
3590,2005-06-23,121.95
3591,2005-06-22,122.07
3592,2005-06-21,122.44
3593,2005-06-20,121.81
3594,2005-06-17,121.95
3595,2005-06-16,122.54
3596,2005-06-15,122.3
3597,2005-06-14,122.46
3598,2005-06-13,122.3
3599,2005-06-10,121.57
3600,2005-06-09,121.33
3601,2005-06-08,121.51
3602,2005-06-07,121.57
3603,2005-06-03,121.77
3604,2005-06-02,122.37
3605,2005-06-01,122.12
3606,2005-05-31,121.78
3607,2005-05-30,121.13
3608,2005-05-27,121.13
3609,2005-05-26,121.03
3610,2005-05-25,120.9
3611,2005-05-24,120.92
3612,2005-05-23,121.36
3613,2005-05-20,121.36
3614,2005-05-19,121.43
3615,2005-05-18,121.45
3616,2005-05-17,121.37
3617,2005-05-16,121.91
3618,2005-05-13,120.99
3619,2005-05-12,120.79
3620,2005-05-11,120.85
3621,2005-05-10,120.72
3622,2005-05-09,120.92
3623,2005-05-06,120.58
3624,2005-05-04,120.8
3625,2005-05-03,121.1
3626,2005-05-02,120.94
3627,2005-04-29,120.47
3628,2005-04-28,121.14
3629,2005-04-27,121.16
3630,2005-04-26,120.69
3631,2005-04-25,120.69
3632,2005-04-22,121.31
3633,2005-04-21,121.57
3634,2005-04-20,121.9
3635,2005-04-19,122.5
3636,2005-04-18,123.2
3637,2005-04-15,123.54
3638,2005-04-14,122.79
3639,2005-04-13,122.21
3640,2005-04-12,122.42
3641,2005-04-11,122.64
3642,2005-04-08,122.65
3643,2005-04-07,122.33
3644,2005-04-06,122.43
3645,2005-04-04,122.43
3646,2005-04-01,121.79
3647,2005-03-31,122.7
3648,2005-03-30,123.68
3649,2005-03-29,123.13
3650,2005-03-28,122.85
3651,2005-03-25,122.56
3652,2005-03-24,122.43
3653,2005-03-23,121.84
3654,2005-03-22,121.96
3655,2005-03-21,121.91
3656,2005-03-18,121.42
3657,2005-03-17,120.94
3658,2005-03-16,121.28
3659,2005-03-15,121.28
3660,2005-03-14,120.92
3661,2005-03-11,120.86
3662,2005-03-10,120.82
3663,2005-03-09,120.97
3664,2005-03-08,121.34
3665,2005-03-07,121.38
3666,2005-03-04,121.81
3667,2005-03-03,121.59
3668,2005-03-02,121.71
3669,2005-02-28,121.55
3670,2005-02-25,121.85
3671,2005-02-24,121.61
3672,2005-02-23,121.28
3673,2005-02-22,121.61
3674,2005-02-21,123.63
3675,2005-02-18,123.74
3676,2005-02-17,123.92
3677,2005-02-16,123.99
3678,2005-02-15,124.03
3679,2005-02-14,123.86
3680,2005-02-11,124.84
3681,2005-02-07,123.99
3682,2005-02-04,124.05
3683,2005-02-03,123.86
3684,2005-02-02,124.18
3685,2005-02-01,124.18
3686,2005-01-31,123.91
3687,2005-01-28,123.74
3688,2005-01-27,124.27
3689,2005-01-26,124.64
3690,2005-01-25,124.61
3691,2005-01-24,124.71
3692,2005-01-21,125.42
3693,2005-01-20,124.82
3694,2005-01-19,124.56
3695,2005-01-18,125.14
3696,2005-01-17,125.14
3697,2005-01-14,126.0
3698,2005-01-13,125.25
3699,2005-01-12,125.91
3700,2005-01-11,126.26
3701,2005-01-10,127.3
3702,2005-01-07,126.99
3703,2005-01-06,127.89
3704,2005-01-05,126.42
3705,2005-01-04,125.5
3706,2005-01-03,125.43
3707,2004-12-31,125.05
3708,2004-12-30,125.87
3709,2004-12-29,125.78
3710,2004-12-28,125.95
3711,2004-12-27,126.43
3712,2004-12-24,126.56
3713,2004-12-23,126.93
3714,2004-12-22,127.29
3715,2004-12-21,127.53
3716,2004-12-20,127.86
3717,2004-12-17,128.07
3718,2004-12-16,127.63
3719,2004-12-15,128.19
3720,2004-12-14,127.83
3721,2004-12-13,128.29
3722,2004-12-10,128.98
3723,2004-12-09,127.51
3724,2004-12-08,127.89
3725,2004-12-07,125.87
3726,2004-12-06,125.75
3727,2004-12-03,126.3
3728,2004-12-02,125.84
3729,2004-12-01,126.38
3730,2004-11-30,126.62
3731,2004-11-29,126.5
3732,2004-11-26,126.5
3733,2004-11-25,127.74
3734,2004-11-24,128.87
3735,2004-11-23,128.77
3736,2004-11-22,128.71
3737,2004-11-19,129.12
3738,2004-11-18,128.73
3739,2004-11-17,130.66
3740,2004-11-16,131.73
3741,2004-11-15,131.94
3742,2004-11-12,133.45
3743,2004-11-11,134.37
3744,2004-11-10,134.16
3745,2004-11-09,133.33
3746,2004-11-08,133.53
3747,2004-11-05,134.18
3748,2004-11-04,134.54
3749,2004-11-03,134.86
3750,2004-11-02,134.69
3751,2004-11-01,135.2
3752,2004-10-29,135.27
3753,2004-10-28,135.93
3754,2004-10-27,136.4
3755,2004-10-26,136.95
3756,2004-10-25,137.28
3757,2004-10-22,137.8
3758,2004-10-21,137.87
3759,2004-10-20,138.08
3760,2004-10-19,138.34
3761,2004-10-18,138.17
3762,2004-10-15,138.39
3763,2004-10-14,138.28
3764,2004-10-13,138.6
3765,2004-10-12,138.46
3766,2004-10-11,138.46
3767,2004-10-08,138.69
3768,2004-10-07,138.96
3769,2004-10-06,139.25
3770,2004-10-05,138.78
3771,2004-10-04,138.9
3772,2004-10-01,138.78
3773,2004-09-30,139.16
3774,2004-09-24,138.86
3775,2004-09-23,138.5
3776,2004-09-22,138.25
3777,2004-09-21,138.57
3778,2004-09-20,138.49
3779,2004-09-17,138.52
3780,2004-09-16,138.44
3781,2004-09-15,138.23
3782,2004-09-14,138.35
3783,2004-09-13,138.34
3784,2004-09-10,138.44
3785,2004-09-09,138.35
3786,2004-09-08,138.9
3787,2004-09-07,139.04
3788,2004-09-06,139.28
3789,2004-09-03,138.94
3790,2004-09-02,139.01
3791,2004-09-01,139.15
3792,2004-08-31,139.31
3793,2004-08-30,139.49
3794,2004-08-27,139.31
3795,2004-08-26,139.39
3796,2004-08-25,139.72
3797,2004-08-24,139.67
3798,2004-08-23,139.33
3799,2004-08-20,139.46
3800,2004-08-19,139.56
3801,2004-08-18,139.89
3802,2004-08-17,139.86
3803,2004-08-16,140.04
3804,2004-08-13,140.43
3805,2004-08-12,139.88
3806,2004-08-11,140.11
3807,2004-08-10,139.54
3808,2004-08-09,139.7
3809,2004-08-06,140.46
3810,2004-08-05,140.56
3811,2004-08-04,141.07
3812,2004-08-03,140.75
3813,2004-08-02,140.73
3814,2004-07-30,141.36
3815,2004-07-29,141.15
3816,2004-07-28,141.05
3817,2004-07-27,140.73
3818,2004-07-26,140.31
3819,2004-07-23,140.9
3820,2004-07-22,140.44
3821,2004-07-21,140.03
3822,2004-07-20,140.24
3823,2004-07-19,139.85
3824,2004-07-16,140.7
3825,2004-07-15,140.26
3826,2004-07-14,139.31
3827,2004-07-13,138.92
3828,2004-07-12,138.65
3829,2004-07-09,138.86
3830,2004-07-08,138.94
3831,2004-07-07,139.18
3832,2004-07-06,139.53
3833,2004-07-05,139.27
3834,2004-07-02,139.56
3835,2004-07-01,139.27
3836,2004-06-30,139.61
3837,2004-06-29,139.18
3838,2004-06-28,139.25
3839,2004-06-25,138.92
3840,2004-06-24,139.63
3841,2004-06-23,140.14
3842,2004-06-22,139.96
3843,2004-06-21,139.76
3844,2004-06-18,140.15
3845,2004-06-17,139.83
3846,2004-06-16,139.8
3847,2004-06-15,140.56
3848,2004-06-14,140.44
3849,2004-06-11,140.63
3850,2004-06-10,140.08
3851,2004-06-09,139.45
3852,2004-06-08,139.9
3853,2004-06-07,140.06
3854,2004-06-04,140.61
3855,2004-06-03,140.68
3856,2004-06-02,140.73
3857,2004-06-01,140.22
3858,2004-05-31,140.16
3859,2004-05-28,140.75
3860,2004-05-27,141.33
3861,2004-05-25,142.28
3862,2004-05-24,142.22
3863,2004-05-21,141.99
3864,2004-05-20,142.54
3865,2004-05-19,141.76
3866,2004-05-18,142.8
3867,2004-05-17,142.98
3868,2004-05-14,143.41
3869,2004-05-13,143.22
3870,2004-05-12,142.74
3871,2004-05-11,143.57
3872,2004-05-10,142.94
3873,2004-05-07,141.49
3874,2004-05-06,140.88
3875,2004-05-04,141.33
3876,2004-05-03,141.57
3877,2004-04-30,141.76
3878,2004-04-29,141.44
3879,2004-04-28,139.72
3880,2004-04-27,139.18
3881,2004-04-26,139.54
3882,2004-04-23,139.94
3883,2004-04-22,140.11
3884,2004-04-21,139.52
3885,2004-04-20,139.11
3886,2004-04-19,139.38
3887,2004-04-16,140.16
3888,2004-04-14,139.1
3889,2004-04-13,137.86
3890,2004-04-12,137.95
