,Date,EURKRW
0,2019-12-05,1318.6
1,2019-12-04,1321.37
2,2019-12-03,1317.45
3,2019-12-02,1305.1
4,2019-11-29,1298.35
5,2019-11-28,1298.49
6,2019-11-27,1295.78
7,2019-11-26,1297.25
8,2019-11-25,1295.91
9,2019-11-22,1302.4
10,2019-11-21,1302.63
11,2019-11-20,1295.22
12,2019-11-19,1291.37
13,2019-11-18,1288.87
14,2019-11-15,1287.2
15,2019-11-14,1287.37
16,2019-11-13,1288.09
17,2019-11-12,1282.53
18,2019-11-11,1285.9
19,2019-11-08,1277.24
20,2019-11-07,1281.37
21,2019-11-06,1284.72
22,2019-11-05,1285.7
23,2019-11-04,1295.52
24,2019-11-01,1301.03
25,2019-10-31,1304.51
26,2019-10-30,1297.38
27,2019-10-29,1293.91
28,2019-10-28,1298.79
29,2019-10-25,1305.28
30,2019-10-24,1305.64
31,2019-10-23,1302.73
32,2019-10-22,1306.84
33,2019-10-21,1308.3
34,2019-10-18,1314.81
35,2019-10-17,1311.04
36,2019-10-16,1311.42
37,2019-10-15,1306.88
38,2019-10-14,1308.08
39,2019-10-11,1309.23
40,2019-10-10,1318.09
41,2019-10-08,1314.89
42,2019-10-07,1314.75
43,2019-10-04,1314.9
44,2019-10-02,1318.1
45,2019-10-01,1309.94
46,2019-09-30,1309.67
47,2019-09-27,1312.44
48,2019-09-26,1312.39
49,2019-09-25,1319.71
50,2019-09-24,1313.31
51,2019-09-23,1315.93
52,2019-09-20,1312.4
53,2019-09-19,1322.15
54,2019-09-18,1316.15
55,2019-09-17,1313.08
56,2019-09-16,1307.49
57,2019-09-11,1314.79
58,2019-09-10,1316.03
59,2019-09-09,1315.16
60,2019-09-06,1317.29
61,2019-09-05,1326.72
62,2019-09-04,1329.45
63,2019-09-03,1330.36
64,2019-09-02,1329.63
65,2019-08-30,1335.41
66,2019-08-29,1343.4
67,2019-08-28,1347.37
68,2019-08-27,1348.45
69,2019-08-26,1350.46
70,2019-08-23,1338.7
71,2019-08-22,1340.2
72,2019-08-21,1336.01
73,2019-08-20,1339.81
74,2019-08-19,1343.29
75,2019-08-16,1341.49
76,2019-08-14,1358.49
77,2019-08-13,1372.39
78,2019-08-12,1364.91
79,2019-08-09,1357.68
80,2019-08-08,1354.56
81,2019-08-07,1359.17
82,2019-08-06,1361.98
83,2019-08-05,1358.03
84,2019-08-02,1332.43
85,2019-08-01,1312.24
86,2019-07-31,1318.57
87,2019-07-30,1316.46
88,2019-07-29,1317.52
89,2019-07-26,1318.59
90,2019-07-25,1316.72
91,2019-07-24,1314.5
92,2019-07-23,1318.3
93,2019-07-22,1321.39
94,2019-07-19,1320.97
95,2019-07-18,1321.45
96,2019-07-17,1324.85
97,2019-07-16,1323.57
98,2019-07-15,1330.86
99,2019-07-12,1327.55
100,2019-07-11,1322.98
101,2019-07-10,1325.47
102,2019-07-09,1325.49
103,2019-07-08,1323.75
104,2019-07-05,1319.34
105,2019-07-04,1319.16
106,2019-07-03,1322.43
107,2019-07-02,1319.16
108,2019-07-01,1317.8
109,2019-06-28,1315.25
110,2019-06-27,1316.15
111,2019-06-26,1314.42
112,2019-06-25,1316.22
113,2019-06-24,1318.51
114,2019-06-21,1315.57
115,2019-06-20,1312.96
116,2019-06-19,1318.39
117,2019-06-18,1327.49
118,2019-06-17,1332.02
119,2019-06-14,1335.35
120,2019-06-13,1335.31
121,2019-06-12,1338.92
122,2019-06-11,1337.1
123,2019-06-10,1341.46
124,2019-06-07,1335.23
125,2019-06-05,1326.9
126,2019-06-04,1331.97
127,2019-06-03,1322.45
128,2019-05-31,1328.11
129,2019-05-30,1327.21
130,2019-05-29,1332.52
131,2019-05-28,1330.81
132,2019-05-27,1326.99
133,2019-05-24,1329.08
134,2019-05-23,1326.68
135,2019-05-22,1328.58
136,2019-05-21,1332.01
137,2019-05-20,1333.14
138,2019-05-17,1335.01
139,2019-05-16,1333.69
140,2019-05-15,1333.06
141,2019-05-14,1333.44
142,2019-05-13,1334.28
143,2019-05-10,1323.25
144,2019-05-09,1322.86
145,2019-05-08,1313.02
146,2019-05-07,1309.05
147,2019-05-03,1305.02
148,2019-05-02,1304.36
149,2019-04-30,1308.32
150,2019-04-29,1294.31
151,2019-04-26,1293.12
152,2019-04-25,1294.65
153,2019-04-24,1289.87
154,2019-04-23,1285.71
155,2019-04-22,1284.13
156,2019-04-19,1278.16
157,2019-04-18,1280.65
158,2019-04-17,1281.65
159,2019-04-16,1284.25
160,2019-04-15,1282.1
161,2019-04-12,1286.46
162,2019-04-11,1286.88
163,2019-04-10,1283.6
164,2019-04-09,1286.31
165,2019-04-08,1287.44
166,2019-04-05,1277.86
167,2019-04-04,1276.91
168,2019-04-03,1275.8
169,2019-04-02,1273.55
170,2019-04-01,1274.66
171,2019-03-29,1277.48
172,2019-03-28,1279.63
173,2019-03-27,1282.76
174,2019-03-26,1283.97
175,2019-03-25,1283.52
176,2019-03-22,1282.55
177,2019-03-21,1285.87
178,2019-03-20,1283.17
179,2019-03-19,1283.57
180,2019-03-18,1286.86
181,2019-03-15,1286.23
182,2019-03-14,1284.42
183,2019-03-13,1279.44
184,2019-03-12,1274.52
185,2019-03-11,1275.52
186,2019-03-08,1275.66
187,2019-03-07,1278.09
188,2019-03-06,1276.11
189,2019-03-05,1275.65
190,2019-03-04,1277.17
191,2019-02-28,1283.05
192,2019-02-27,1274.32
193,2019-02-26,1270.73
194,2019-02-25,1272.26
195,2019-02-22,1274.4
196,2019-02-21,1278.18
197,2019-02-20,1273.94
198,2019-02-19,1272.89
199,2019-02-18,1275.53
200,2019-02-15,1273.29
201,2019-02-14,1269.73
202,2019-02-13,1269.72
203,2019-02-12,1270.91
204,2019-02-11,1272.55
205,2019-02-08,1275.46
206,2019-02-07,1277.39
207,2019-02-01,1283.33
208,2019-01-31,1279.28
209,2019-01-30,1278.95
210,2019-01-29,1279.02
211,2019-01-28,1277.23
212,2019-01-25,1271.38
213,2019-01-24,1282.72
214,2019-01-23,1282.94
215,2019-01-22,1285.27
216,2019-01-21,1284.76
217,2019-01-18,1280.16
218,2019-01-17,1281.98
219,2019-01-16,1278.75
220,2019-01-15,1284.17
221,2019-01-14,1288.37
222,2019-01-11,1286.41
223,2019-01-10,1290.82
224,2019-01-09,1284.29
225,2019-01-08,1289.1
226,2019-01-07,1281.17
227,2019-01-04,1282.54
228,2019-01-03,1279.21
229,2019-01-02,1280.55
230,2018-12-31,1278.38
231,2018-12-28,1278.97
232,2018-12-27,1276.28
233,2018-12-26,1281.27
234,2018-12-24,1283.53
235,2018-12-21,1283.62
236,2018-12-20,1286.56
237,2018-12-19,1284.6
238,2018-12-18,1286.11
239,2018-12-17,1283.01
240,2018-12-14,1280.51
241,2018-12-13,1279.13
242,2018-12-12,1280.29
243,2018-12-11,1286.45
244,2018-12-10,1288.12
245,2018-12-07,1276.34
246,2018-12-06,1272.51
247,2018-12-05,1264.32
248,2018-12-04,1262.07
249,2018-12-03,1261.47
250,2018-11-30,1275.49
251,2018-11-29,1275.59
252,2018-11-28,1273.74
253,2018-11-27,1279.61
254,2018-11-26,1283.5
255,2018-11-23,1285.67
256,2018-11-22,1289.39
257,2018-11-21,1288.26
258,2018-11-20,1288.63
259,2018-11-19,1287.38
260,2018-11-16,1283.69
261,2018-11-15,1278.82
262,2018-11-14,1278.53
263,2018-11-13,1277.17
264,2018-11-12,1282.08
265,2018-11-09,1281.19
266,2018-11-08,1275.78
267,2018-11-07,1287.97
268,2018-11-06,1283.95
269,2018-11-05,1278.73
270,2018-11-02,1276.59
271,2018-11-01,1290.77
272,2018-10-31,1292.64
273,2018-10-30,1293.96
274,2018-10-29,1299.65
275,2018-10-26,1296.17
276,2018-10-25,1299.99
277,2018-10-24,1293.27
278,2018-10-23,1304.77
279,2018-10-22,1300.1
280,2018-10-19,1298.41
281,2018-10-18,1306.51
282,2018-10-17,1299.37
283,2018-10-16,1302.06
284,2018-10-15,1314.85
285,2018-10-12,1309.07
286,2018-10-11,1323.35
287,2018-10-10,1306.69
288,2018-10-08,1305.29
289,2018-10-05,1303.81
290,2018-10-04,1300.17
291,2018-10-02,1292.03
292,2018-10-01,1290.45
293,2018-09-28,1287.32
294,2018-09-27,1298.73
295,2018-09-21,1312.22
296,2018-09-20,1316.22
297,2018-09-19,1309.6
298,2018-09-18,1315.81
299,2018-09-17,1314.68
300,2018-09-14,1306.06
301,2018-09-13,1304.23
302,2018-09-12,1308.04
303,2018-09-11,1306.63
304,2018-09-10,1308.4
305,2018-09-07,1299.91
306,2018-09-06,1306.18
307,2018-09-05,1301.52
308,2018-09-04,1292.61
309,2018-09-03,1291.97
310,2018-08-31,1300.55
311,2018-08-30,1297.23
312,2018-08-29,1299.09
313,2018-08-28,1297.24
314,2018-08-27,1296.36
315,2018-08-24,1295.18
316,2018-08-23,1299.07
317,2018-08-22,1299.33
318,2018-08-21,1287.63
319,2018-08-20,1282.96
320,2018-08-17,1283.29
321,2018-08-16,1285.99
322,2018-08-14,1287.35
323,2018-08-13,1296.4
324,2018-08-10,1292.54
325,2018-08-09,1297.09
326,2018-08-08,1298.08
327,2018-08-07,1301.09
328,2018-08-06,1300.02
329,2018-08-03,1306.98
330,2018-08-02,1312.42
331,2018-08-01,1308.53
332,2018-07-31,1313.4
333,2018-07-30,1306.16
334,2018-07-27,1301.35
335,2018-07-26,1313.36
336,2018-07-25,1315.29
337,2018-07-24,1324.35
338,2018-07-23,1330.16
339,2018-07-20,1328.63
340,2018-07-19,1319.0
341,2018-07-18,1317.23
342,2018-07-17,1319.91
343,2018-07-16,1322.57
344,2018-07-13,1319.15
345,2018-07-12,1313.2
346,2018-07-11,1318.63
347,2018-07-10,1308.62
348,2018-07-09,1311.42
349,2018-07-06,1311.8
350,2018-07-05,1310.63
351,2018-07-04,1300.47
352,2018-07-03,1299.42
353,2018-07-02,1303.61
354,2018-06-29,1297.78
355,2018-06-28,1300.07
356,2018-06-27,1300.32
357,2018-06-26,1304.87
358,2018-06-25,1304.11
359,2018-06-22,1296.67
360,2018-06-21,1290.0
361,2018-06-20,1282.88
362,2018-06-19,1287.64
363,2018-06-18,1281.83
364,2018-06-15,1275.72
365,2018-06-14,1264.96
366,2018-06-12,1271.77
367,2018-06-11,1268.82
368,2018-06-08,1264.77
369,2018-06-07,1265.65
370,2018-06-05,1249.16
371,2018-06-04,1254.15
372,2018-06-01,1253.6
373,2018-05-31,1257.97
374,2018-05-30,1256.47
375,2018-05-29,1250.1
376,2018-05-28,1248.51
377,2018-05-25,1259.95
378,2018-05-24,1265.45
379,2018-05-23,1266.04
380,2018-05-21,1277.24
381,2018-05-18,1273.24
382,2018-05-17,1276.23
383,2018-05-16,1273.95
384,2018-05-15,1276.25
385,2018-05-14,1281.96
386,2018-05-11,1275.17
387,2018-05-10,1278.74
388,2018-05-09,1282.18
389,2018-05-08,1280.13
390,2018-05-04,1288.2
391,2018-05-03,1288.93
392,2018-05-02,1292.45
393,2018-04-30,1293.43
394,2018-04-27,1297.36
395,2018-04-26,1314.59
396,2018-04-25,1319.19
397,2018-04-24,1315.75
398,2018-04-23,1317.87
399,2018-04-20,1315.7
400,2018-04-19,1315.02
401,2018-04-18,1320.72
402,2018-04-17,1321.26
403,2018-04-16,1329.15
404,2018-04-13,1316.58
405,2018-04-12,1320.76
406,2018-04-11,1323.56
407,2018-04-10,1319.62
408,2018-04-09,1316.82
409,2018-04-06,1309.04
410,2018-04-05,1299.19
411,2018-04-04,1306.59
412,2018-04-03,1298.3
413,2018-04-02,1302.12
414,2018-03-30,1310.41
415,2018-03-29,1312.89
416,2018-03-28,1324.6
417,2018-03-27,1330.58
418,2018-03-26,1339.39
419,2018-03-23,1331.16
420,2018-03-22,1329.86
421,2018-03-21,1316.15
422,2018-03-20,1316.28
423,2018-03-19,1321.4
424,2018-03-16,1315.27
425,2018-03-15,1316.22
426,2018-03-14,1316.31
427,2018-03-13,1317.56
428,2018-03-12,1312.38
429,2018-03-09,1317.04
430,2018-03-08,1330.24
431,2018-03-07,1329.17
432,2018-03-06,1328.9
433,2018-03-05,1329.7
434,2018-03-02,1333.66
435,2018-02-28,1322.44
436,2018-02-27,1320.44
437,2018-02-26,1322.12
438,2018-02-23,1326.77
439,2018-02-22,1330.83
440,2018-02-21,1323.91
441,2018-02-20,1325.53
442,2018-02-19,1325.74
443,2018-02-14,1331.59
444,2018-02-13,1339.49
445,2018-02-12,1330.37
446,2018-02-09,1336.31
447,2018-02-08,1334.73
448,2018-02-07,1339.27
449,2018-02-06,1342.54
450,2018-02-05,1357.51
451,2018-02-02,1357.04
452,2018-02-01,1334.97
453,2018-01-31,1329.82
454,2018-01-30,1331.69
455,2018-01-29,1326.73
456,2018-01-26,1326.51
457,2018-01-25,1317.93
458,2018-01-24,1318.23
459,2018-01-23,1318.87
460,2018-01-22,1311.73
461,2018-01-19,1309.71
462,2018-01-18,1310.61
463,2018-01-17,1306.49
464,2018-01-16,1302.46
465,2018-01-15,1306.36
466,2018-01-12,1292.27
467,2018-01-11,1286.44
468,2018-01-10,1284.16
469,2018-01-09,1276.88
470,2018-01-08,1280.21
471,2018-01-05,1282.67
472,2018-01-04,1284.37
473,2018-01-03,1282.91
474,2018-01-02,1283.01
475,2017-12-29,1281.99
476,2017-12-28,1278.88
477,2017-12-27,1279.74
478,2017-12-26,1275.01
479,2017-12-22,1279.8
480,2017-12-21,1282.73
481,2017-12-20,1283.57
482,2017-12-19,1283.28
483,2017-12-18,1283.83
484,2017-12-15,1286.69
485,2017-12-14,1288.23
486,2017-12-13,1283.74
487,2017-12-12,1285.02
488,2017-12-11,1287.85
489,2017-12-08,1285.42
490,2017-12-07,1289.05
491,2017-12-06,1291.1
492,2017-12-05,1289.72
493,2017-12-04,1289.99
494,2017-12-01,1292.33
495,2017-11-30,1288.95
496,2017-11-29,1276.62
497,2017-11-28,1285.58
498,2017-11-27,1299.83
499,2017-11-24,1290.0
500,2017-11-23,1286.31
501,2017-11-22,1281.37
502,2017-11-21,1282.91
503,2017-11-20,1295.43
504,2017-11-17,1296.81
505,2017-11-16,1292.97
506,2017-11-15,1311.21
507,2017-11-14,1311.36
508,2017-11-13,1306.64
509,2017-11-10,1304.5
510,2017-11-09,1301.56
511,2017-11-08,1292.69
512,2017-11-07,1287.82
513,2017-11-06,1291.37
514,2017-11-03,1299.67
515,2017-11-02,1298.12
516,2017-11-01,1297.53
517,2017-10-31,1302.31
518,2017-10-30,1308.54
519,2017-10-27,1311.34
520,2017-10-26,1324.94
521,2017-10-25,1327.86
522,2017-10-24,1328.94
523,2017-10-23,1327.4
524,2017-10-20,1336.8
525,2017-10-19,1340.45
526,2017-10-18,1332.39
527,2017-10-17,1331.82
528,2017-10-16,1333.01
529,2017-10-13,1337.44
530,2017-10-12,1343.28
531,2017-10-11,1341.29
532,2017-10-10,1337.82
533,2017-09-29,1356.02
534,2017-09-28,1351.66
535,2017-09-27,1341.81
536,2017-09-26,1342.66
537,2017-09-25,1345.97
538,2017-09-22,1357.26
539,2017-09-21,1351.44
540,2017-09-20,1355.74
541,2017-09-19,1355.48
542,2017-09-18,1349.86
543,2017-09-15,1355.94
544,2017-09-14,1350.53
545,2017-09-13,1351.27
546,2017-09-12,1348.15
547,2017-09-11,1360.35
548,2017-09-08,1361.84
549,2017-09-07,1359.54
550,2017-09-06,1353.15
551,2017-09-05,1345.89
552,2017-09-04,1345.52
553,2017-09-01,1333.84
554,2017-08-31,1334.82
555,2017-08-30,1342.78
556,2017-08-29,1356.89
557,2017-08-28,1337.97
558,2017-08-25,1330.54
559,2017-08-24,1330.81
560,2017-08-23,1335.65
561,2017-08-22,1334.29
562,2017-08-21,1342.22
563,2017-08-18,1341.21
564,2017-08-17,1332.59
565,2017-08-16,1334.48
566,2017-08-14,1346.11
567,2017-08-11,1353.47
568,2017-08-10,1339.85
569,2017-08-09,1338.34
570,2017-08-08,1330.23
571,2017-08-07,1332.04
572,2017-08-04,1332.73
573,2017-08-03,1339.42
574,2017-08-02,1329.78
575,2017-08-01,1326.21
576,2017-07-31,1314.63
577,2017-07-28,1315.82
578,2017-07-27,1305.18
579,2017-07-26,1304.02
580,2017-07-25,1305.77
581,2017-07-24,1299.2
582,2017-07-21,1302.68
583,2017-07-20,1295.89
584,2017-07-19,1294.69
585,2017-07-18,1298.46
586,2017-07-17,1293.93
587,2017-07-14,1298.93
588,2017-07-13,1299.37
589,2017-07-12,1310.91
590,2017-07-11,1313.0
591,2017-07-10,1310.59
592,2017-07-07,1316.07
593,2017-07-06,1318.22
594,2017-07-05,1307.12
595,2017-07-04,1305.52
596,2017-07-03,1306.87
597,2017-06-30,1305.24
598,2017-06-29,1304.16
599,2017-06-28,1295.52
600,2017-06-27,1283.49
601,2017-06-26,1271.44
602,2017-06-23,1272.73
603,2017-06-22,1277.02
604,2017-06-21,1272.93
605,2017-06-20,1271.5
606,2017-06-19,1270.24
607,2017-06-16,1267.7
608,2017-06-15,1260.53
609,2017-06-14,1264.89
610,2017-06-13,1264.77
611,2017-06-12,1270.39
612,2017-06-09,1256.34
613,2017-06-08,1260.62
614,2017-06-07,1262.98
615,2017-06-05,1259.05
616,2017-06-02,1265.06
617,2017-06-01,1258.15
618,2017-05-31,1250.32
619,2017-05-30,1257.19
620,2017-05-29,1255.85
621,2017-05-26,1251.15
622,2017-05-25,1255.52
623,2017-05-24,1257.25
624,2017-05-23,1262.48
625,2017-05-22,1249.87
626,2017-05-19,1255.91
627,2017-05-18,1259.75
628,2017-05-17,1243.42
629,2017-05-16,1235.47
630,2017-05-15,1231.34
631,2017-05-12,1228.8
632,2017-05-11,1226.08
633,2017-05-10,1235.85
634,2017-05-08,1239.85
635,2017-05-04,1243.05
636,2017-05-02,1233.64
637,2017-04-28,1244.57
638,2017-04-27,1235.44
639,2017-04-26,1231.92
640,2017-04-25,1231.28
641,2017-04-24,1228.11
642,2017-04-21,1215.97
643,2017-04-20,1222.95
644,2017-04-19,1223.19
645,2017-04-18,1218.78
646,2017-04-17,1211.8
647,2017-04-14,1213.89
648,2017-04-13,1202.11
649,2017-04-12,1208.46
650,2017-04-11,1215.43
651,2017-04-10,1209.07
652,2017-04-07,1206.89
653,2017-04-06,1206.38
654,2017-04-05,1203.1
655,2017-04-04,1197.26
656,2017-04-03,1191.56
657,2017-03-31,1194.28
658,2017-03-30,1199.45
659,2017-03-29,1197.57
660,2017-03-28,1208.76
661,2017-03-27,1208.1
662,2017-03-24,1212.92
663,2017-03-23,1209.71
664,2017-03-22,1209.56
665,2017-03-21,1208.78
666,2017-03-20,1202.35
667,2017-03-17,1214.13
668,2017-03-16,1212.83
669,2017-03-15,1218.17
670,2017-03-14,1222.81
671,2017-03-13,1224.33
672,2017-03-10,1226.04
673,2017-03-09,1225.54
674,2017-03-08,1216.52
675,2017-03-07,1215.37
676,2017-03-06,1223.2
677,2017-03-03,1221.5
678,2017-03-02,1203.9
679,2017-02-28,1196.39
680,2017-02-27,1200.58
681,2017-02-24,1199.88
682,2017-02-23,1200.6
683,2017-02-22,1201.84
684,2017-02-21,1208.48
685,2017-02-20,1218.07
686,2017-02-17,1224.58
687,2017-02-16,1213.4
688,2017-02-15,1204.04
689,2017-02-14,1208.95
690,2017-02-13,1223.21
691,2017-02-10,1222.28
692,2017-02-09,1223.79
693,2017-02-08,1220.49
694,2017-02-07,1224.51
695,2017-02-06,1221.24
696,2017-02-03,1232.49
697,2017-02-02,1235.67
698,2017-02-01,1249.77
699,2017-01-31,1249.15
700,2017-01-26,1249.04
701,2017-01-25,1252.93
702,2017-01-24,1253.46
703,2017-01-23,1255.8
704,2017-01-20,1249.85
705,2017-01-19,1256.57
706,2017-01-18,1249.4
707,2017-01-17,1252.43
708,2017-01-16,1254.33
709,2017-01-13,1252.32
710,2017-01-12,1259.23
711,2017-01-11,1260.57
712,2017-01-10,1268.81
713,2017-01-09,1267.5
714,2017-01-06,1262.85
715,2017-01-05,1250.75
716,2017-01-04,1255.57
717,2017-01-03,1254.07
718,2017-01-02,1266.51
719,2016-12-30,1270.19
720,2016-12-29,1265.42
721,2016-12-28,1261.06
722,2016-12-27,1260.17
723,2016-12-26,1255.33
724,2016-12-23,1259.47
725,2016-12-22,1258.46
726,2016-12-21,1245.89
727,2016-12-20,1238.4
728,2016-12-19,1240.66
729,2016-12-16,1238.69
730,2016-12-15,1234.36
731,2016-12-14,1244.45
732,2016-12-13,1238.36
733,2016-12-12,1239.03
734,2016-12-09,1238.39
735,2016-12-08,1249.79
736,2016-12-07,1248.65
737,2016-12-06,1257.07
738,2016-12-05,1248.49
739,2016-12-02,1247.13
740,2016-12-01,1243.66
741,2016-11-30,1247.54
742,2016-11-29,1241.92
743,2016-11-28,1244.38
744,2016-11-25,1246.68
745,2016-11-24,1246.84
746,2016-11-23,1248.5
747,2016-11-22,1248.62
748,2016-11-21,1253.57
749,2016-11-18,1250.86
750,2016-11-17,1260.44
751,2016-11-16,1256.24
752,2016-11-15,1257.82
753,2016-11-14,1264.34
754,2016-11-11,1268.7
755,2016-11-10,1262.44
756,2016-11-09,1275.05
757,2016-11-08,1255.02
758,2016-11-07,1266.24
759,2016-11-04,1271.24
760,2016-11-03,1265.32
761,2016-11-02,1268.64
762,2016-11-01,1257.97
763,2016-10-31,1253.49
764,2016-10-28,1250.94
765,2016-10-27,1249.85
766,2016-10-26,1240.48
767,2016-10-25,1232.28
768,2016-10-24,1233.89
769,2016-10-21,1240.67
770,2016-10-20,1239.6
771,2016-10-19,1231.65
772,2016-10-18,1239.81
773,2016-10-17,1253.12
774,2016-10-14,1247.98
775,2016-10-13,1252.57
776,2016-10-12,1242.77
777,2016-10-11,1245.45
778,2016-10-10,1239.49
779,2016-10-07,1246.29
780,2016-10-06,1249.09
781,2016-10-05,1249.02
782,2016-10-04,1239.37
783,2016-09-30,1233.94
784,2016-09-29,1233.66
785,2016-09-28,1233.51
786,2016-09-27,1232.22
787,2016-09-26,1246.63
788,2016-09-23,1237.85
789,2016-09-22,1237.52
790,2016-09-21,1244.34
791,2016-09-20,1251.27
792,2016-09-19,1251.82
793,2016-09-13,1264.44
794,2016-09-12,1253.78
795,2016-09-09,1241.93
796,2016-09-08,1231.58
797,2016-09-07,1226.32
798,2016-09-06,1234.97
799,2016-09-05,1233.8
800,2016-09-02,1250.48
801,2016-09-01,1250.18
802,2016-08-31,1244.45
803,2016-08-30,1247.74
804,2016-08-29,1254.17
805,2016-08-26,1259.84
806,2016-08-25,1260.81
807,2016-08-24,1263.49
808,2016-08-23,1267.19
809,2016-08-22,1269.21
810,2016-08-19,1268.23
811,2016-08-18,1256.97
812,2016-08-17,1253.61
813,2016-08-16,1233.09
814,2016-08-12,1236.76
815,2016-08-11,1228.28
816,2016-08-10,1223.8
817,2016-08-09,1224.78
818,2016-08-08,1228.72
819,2016-08-05,1233.76
820,2016-08-04,1240.16
821,2016-08-03,1251.27
822,2016-08-02,1240.12
823,2016-08-01,1237.3
824,2016-07-29,1244.84
825,2016-07-28,1251.06
826,2016-07-27,1248.23
827,2016-07-26,1250.38
828,2016-07-25,1250.53
829,2016-07-22,1253.17
830,2016-07-21,1258.52
831,2016-07-20,1255.86
832,2016-07-19,1258.75
833,2016-07-18,1258.05
834,2016-07-15,1261.78
835,2016-07-14,1262.21
836,2016-07-13,1270.55
837,2016-07-12,1272.79
838,2016-07-11,1269.31
839,2016-07-08,1280.16
840,2016-07-07,1280.93
841,2016-07-06,1288.84
842,2016-07-05,1291.5
843,2016-07-04,1278.99
844,2016-07-01,1279.73
845,2016-06-30,1278.3
846,2016-06-29,1283.35
847,2016-06-28,1293.0
848,2016-06-27,1299.84
849,2016-06-24,1294.93
850,2016-06-23,1306.72
851,2016-06-22,1302.39
852,2016-06-21,1302.13
853,2016-06-20,1313.9
854,2016-06-17,1320.16
855,2016-06-16,1315.47
856,2016-06-15,1316.81
857,2016-06-14,1324.55
858,2016-06-13,1323.22
859,2016-06-10,1317.87
860,2016-06-09,1313.02
861,2016-06-08,1313.04
862,2016-06-07,1315.63
863,2016-06-03,1322.63
864,2016-06-02,1331.31
865,2016-06-01,1330.71
866,2016-05-31,1325.34
867,2016-05-30,1326.62
868,2016-05-27,1319.59
869,2016-05-26,1321.56
870,2016-05-25,1318.34
871,2016-05-24,1332.98
872,2016-05-23,1327.94
873,2016-05-20,1337.22
874,2016-05-19,1337.58
875,2016-05-18,1334.1
876,2016-05-17,1331.37
877,2016-05-16,1333.05
878,2016-05-13,1330.0
879,2016-05-12,1331.08
880,2016-05-11,1332.16
881,2016-05-10,1333.53
882,2016-05-09,1331.61
883,2016-05-04,1327.67
884,2016-05-03,1322.18
885,2016-05-02,1307.0
886,2016-04-29,1298.23
887,2016-04-28,1292.99
888,2016-04-27,1299.98
889,2016-04-26,1298.02
890,2016-04-25,1292.3
891,2016-04-22,1289.64
892,2016-04-21,1281.64
893,2016-04-20,1287.09
894,2016-04-19,1283.92
895,2016-04-18,1297.47
896,2016-04-15,1293.11
897,2016-04-14,1301.01
898,2016-04-12,1308.51
899,2016-04-11,1306.55
900,2016-04-08,1313.49
901,2016-04-07,1313.37
902,2016-04-06,1316.02
903,2016-04-05,1318.92
904,2016-04-04,1307.67
905,2016-04-01,1313.28
906,2016-03-31,1295.04
907,2016-03-30,1298.98
908,2016-03-29,1303.26
909,2016-03-28,1302.19
910,2016-03-25,1306.42
911,2016-03-24,1304.12
912,2016-03-23,1300.18
913,2016-03-22,1298.43
914,2016-03-21,1304.54
915,2016-03-18,1309.44
916,2016-03-17,1320.35
917,2016-03-16,1322.88
918,2016-03-15,1322.21
919,2016-03-14,1320.26
920,2016-03-11,1326.06
921,2016-03-10,1317.14
922,2016-03-09,1333.22
923,2016-03-08,1331.53
924,2016-03-07,1319.23
925,2016-03-04,1319.98
926,2016-03-03,1320.88
927,2016-03-02,1333.73
928,2016-02-29,1350.75
929,2016-02-26,1362.99
930,2016-02-25,1367.95
931,2016-02-24,1357.58
932,2016-02-23,1359.82
933,2016-02-22,1365.49
934,2016-02-19,1369.37
935,2016-02-18,1368.93
936,2016-02-17,1369.58
937,2016-02-16,1356.67
938,2016-02-15,1352.31
939,2016-02-12,1361.54
940,2016-02-11,1360.15
941,2016-02-05,1339.64
942,2016-02-04,1334.41
943,2016-02-03,1327.87
944,2016-02-02,1319.14
945,2016-02-01,1305.31
946,2016-01-29,1312.42
947,2016-01-28,1314.06
948,2016-01-27,1306.7
949,2016-01-26,1307.43
950,2016-01-25,1297.01
951,2016-01-22,1299.36
952,2016-01-21,1322.35
953,2016-01-20,1333.53
954,2016-01-19,1311.71
955,2016-01-18,1319.32
956,2016-01-15,1323.26
957,2016-01-14,1325.08
958,2016-01-13,1303.21
959,2016-01-12,1319.44
960,2016-01-11,1311.83
961,2016-01-08,1303.86
962,2016-01-07,1295.38
963,2016-01-06,1287.96
964,2016-01-05,1283.71
965,2016-01-04,1299.65
966,2015-12-31,1286.18
967,2015-12-30,1283.14
968,2015-12-29,1283.25
969,2015-12-28,1279.1
970,2015-12-24,1282.17
971,2015-12-23,1284.39
972,2015-12-22,1278.26
973,2015-12-21,1278.65
974,2015-12-18,1281.8
975,2015-12-17,1282.61
976,2015-12-16,1287.99
977,2015-12-15,1301.93
978,2015-12-14,1298.72
979,2015-12-11,1295.16
980,2015-12-10,1296.38
981,2015-12-09,1290.03
982,2015-12-08,1279.82
983,2015-12-07,1264.13
984,2015-12-04,1264.33
985,2015-12-03,1231.92
986,2015-12-02,1235.64
987,2015-12-01,1228.06
988,2015-11-30,1224.7
989,2015-11-27,1227.67
990,2015-11-26,1219.96
991,2015-11-25,1219.85
992,2015-11-24,1229.6
993,2015-11-23,1233.36
994,2015-11-20,1234.56
995,2015-11-19,1242.69
996,2015-11-18,1249.69
997,2015-11-17,1248.36
998,2015-11-16,1258.46
999,2015-11-13,1254.38
1000,2015-11-12,1240.78
1001,2015-11-11,1241.54
1002,2015-11-10,1244.81
1003,2015-11-09,1248.59
1004,2015-11-06,1242.15
1005,2015-11-05,1239.6
1006,2015-11-04,1237.78
1007,2015-11-03,1246.17
1008,2015-11-02,1257.17
1009,2015-10-30,1252.92
1010,2015-10-29,1252.31
1011,2015-10-28,1249.06
1012,2015-10-27,1251.84
1013,2015-10-26,1249.71
1014,2015-10-23,1256.14
1015,2015-10-22,1287.42
1016,2015-10-21,1291.63
1017,2015-10-20,1285.5
1018,2015-10-19,1276.63
1019,2015-10-16,1286.86
1020,2015-10-15,1291.2
1021,2015-10-14,1305.76
1022,2015-10-13,1309.05
1023,2015-10-12,1301.87
1024,2015-10-08,1311.91
1025,2015-10-07,1300.35
1026,2015-10-06,1307.16
1027,2015-10-05,1314.47
1028,2015-10-02,1320.82
1029,2015-10-01,1313.06
1030,2015-09-30,1325.64
1031,2015-09-25,1329.88
1032,2015-09-24,1337.16
1033,2015-09-23,1321.65
1034,2015-09-22,1324.75
1035,2015-09-21,1329.56
1036,2015-09-18,1330.49
1037,2015-09-17,1322.31
1038,2015-09-16,1322.25
1039,2015-09-15,1335.8
1040,2015-09-14,1340.96
1041,2015-09-11,1338.99
1042,2015-09-10,1328.41
1043,2015-09-09,1336.72
1044,2015-09-08,1338.45
1045,2015-09-07,1343.64
1046,2015-09-04,1328.06
1047,2015-09-03,1337.54
1048,2015-09-02,1335.43
1049,2015-09-01,1325.47
1050,2015-08-31,1326.17
1051,2015-08-28,1329.77
1052,2015-08-27,1330.69
1053,2015-08-26,1362.91
1054,2015-08-25,1366.37
1055,2015-08-24,1379.43
1056,2015-08-21,1344.56
1057,2015-08-20,1324.59
1058,2015-08-19,1307.37
1059,2015-08-18,1309.07
1060,2015-08-17,1313.37
1061,2015-08-13,1306.04
1062,2015-08-12,1317.18
1063,2015-08-11,1298.39
1064,2015-08-10,1276.0
1065,2015-08-07,1274.74
1066,2015-08-06,1272.53
1067,2015-08-05,1271.59
1068,2015-08-04,1276.91
1069,2015-08-03,1280.86
1070,2015-07-31,1282.5
1071,2015-07-30,1284.28
1072,2015-07-29,1283.28
1073,2015-07-28,1290.97
1074,2015-07-27,1294.16
1075,2015-07-24,1280.18
1076,2015-07-23,1275.82
1077,2015-07-22,1261.16
1078,2015-07-21,1253.1
1079,2015-07-20,1253.29
1080,2015-07-17,1248.56
1081,2015-07-16,1251.45
1082,2015-07-15,1261.47
1083,2015-07-14,1259.62
1084,2015-07-13,1253.24
1085,2015-07-10,1256.22
1086,2015-07-09,1251.51
1087,2015-07-08,1254.69
1088,2015-07-07,1242.88
1089,2015-07-06,1245.69
1090,2015-07-03,1247.53
1091,2015-07-02,1247.49
1092,2015-07-01,1246.44
1093,2015-06-30,1243.33
1094,2015-06-29,1248.44
1095,2015-06-26,1255.3
1096,2015-06-25,1244.77
1097,2015-06-24,1243.73
1098,2015-06-23,1242.79
1099,2015-06-22,1246.31
1100,2015-06-19,1253.48
1101,2015-06-18,1256.77
1102,2015-06-17,1259.43
1103,2015-06-16,1260.55
1104,2015-06-15,1255.4
1105,2015-06-12,1247.35
1106,2015-06-11,1252.33
1107,2015-06-10,1256.96
1108,2015-06-09,1262.91
1109,2015-06-08,1248.44
1110,2015-06-05,1252.9
1111,2015-06-04,1260.41
1112,2015-06-03,1232.2
1113,2015-06-02,1221.62
1114,2015-06-01,1212.51
1115,2015-05-29,1215.68
1116,2015-05-28,1209.75
1117,2015-05-27,1206.0
1118,2015-05-26,1205.2
1119,2015-05-22,1218.09
1120,2015-05-21,1218.02
1121,2015-05-20,1218.87
1122,2015-05-19,1219.48
1123,2015-05-18,1237.2
1124,2015-05-15,1234.27
1125,2015-05-14,1243.1
1126,2015-05-13,1233.38
1127,2015-05-12,1234.77
1128,2015-05-11,1220.2
1129,2015-05-08,1223.73
1130,2015-05-07,1241.31
1131,2015-05-06,1214.4
1132,2015-05-04,1205.2
1133,2015-04-30,1204.29
1134,2015-04-29,1175.34
1135,2015-04-28,1168.47
1136,2015-04-27,1163.03
1137,2015-04-24,1173.63
1138,2015-04-23,1162.38
1139,2015-04-22,1163.27
1140,2015-04-21,1156.54
1141,2015-04-20,1161.97
1142,2015-04-17,1169.64
1143,2015-04-16,1157.72
1144,2015-04-15,1159.87
1145,2015-04-14,1155.86
1146,2015-04-13,1163.47
1147,2015-04-10,1160.63
1148,2015-04-09,1172.17
1149,2015-04-08,1184.5
1150,2015-04-07,1184.06
1151,2015-04-06,1191.22
1152,2015-04-03,1188.64
1153,2015-04-02,1183.93
1154,2015-04-01,1184.89
1155,2015-03-31,1191.03
1156,2015-03-30,1201.12
1157,2015-03-27,1198.66
1158,2015-03-26,1218.37
1159,2015-03-25,1208.89
1160,2015-03-24,1209.23
1161,2015-03-23,1202.94
1162,2015-03-20,1203.11
1163,2015-03-19,1193.02
1164,2015-03-18,1198.08
1165,2015-03-17,1192.61
1166,2015-03-16,1191.62
1167,2015-03-13,1198.45
1168,2015-03-12,1192.88
1169,2015-03-11,1200.19
1170,2015-03-10,1207.96
1171,2015-03-09,1207.59
1172,2015-03-06,1208.57
1173,2015-03-05,1215.28
1174,2015-03-04,1225.52
1175,2015-03-03,1227.56
1176,2015-03-02,1232.35
1177,2015-02-27,1234.08
1178,2015-02-26,1243.15
1179,2015-02-25,1249.54
1180,2015-02-24,1259.11
1181,2015-02-23,1257.62
1182,2015-02-17,1254.29
1183,2015-02-16,1257.69
1184,2015-02-13,1257.86
1185,2015-02-12,1254.02
1186,2015-02-11,1245.44
1187,2015-02-10,1235.93
1188,2015-02-09,1242.95
1189,2015-02-06,1247.62
1190,2015-02-05,1239.47
1191,2015-02-04,1244.54
1192,2015-02-03,1246.27
1193,2015-02-02,1248.35
1194,2015-01-30,1242.97
1195,2015-01-29,1232.59
1196,2015-01-28,1227.03
1197,2015-01-27,1221.16
1198,2015-01-26,1216.18
1199,2015-01-23,1219.32
1200,2015-01-22,1258.9
1201,2015-01-21,1254.51
1202,2015-01-20,1259.18
1203,2015-01-19,1249.88
1204,2015-01-16,1253.56
1205,2015-01-15,1268.03
1206,2015-01-14,1275.63
1207,2015-01-13,1280.23
1208,2015-01-12,1281.23
1209,2015-01-09,1287.93
1210,2015-01-08,1294.16
1211,2015-01-07,1306.98
1212,2015-01-06,1312.98
1213,2015-01-05,1328.4
1214,2015-01-02,1330.59
1215,2014-12-31,1322.42
1216,2014-12-30,1333.49
1217,2014-12-29,1337.34
1218,2014-12-26,1340.47
1219,2014-12-24,1344.48
1220,2014-12-23,1347.66
1221,2014-12-22,1344.61
1222,2014-12-19,1350.19
1223,2014-12-18,1354.17
1224,2014-12-17,1365.14
1225,2014-12-16,1353.49
1226,2014-12-15,1367.72
1227,2014-12-12,1368.57
1228,2014-12-11,1370.7
1229,2014-12-10,1367.07
1230,2014-12-09,1370.39
1231,2014-12-08,1373.12
1232,2014-12-05,1379.37
1233,2014-12-04,1373.79
1234,2014-12-03,1371.81
1235,2014-12-02,1382.27
1236,2014-12-01,1382.82
1237,2014-11-28,1378.97
1238,2014-11-27,1369.57
1239,2014-11-26,1382.34
1240,2014-11-25,1381.85
1241,2014-11-24,1377.96
1242,2014-11-21,1388.91
1243,2014-11-20,1394.42
1244,2014-11-19,1388.12
1245,2014-11-18,1372.7
1246,2014-11-17,1371.77
1247,2014-11-14,1371.19
1248,2014-11-13,1365.66
1249,2014-11-12,1366.31
1250,2014-11-11,1359.75
1251,2014-11-10,1353.01
1252,2014-11-07,1355.17
1253,2014-11-06,1357.07
1254,2014-11-05,1358.53
1255,2014-11-04,1348.92
1256,2014-11-03,1341.25
1257,2014-10-31,1341.42
1258,2014-10-30,1329.66
1259,2014-10-29,1333.3
1260,2014-10-28,1333.77
1261,2014-10-27,1335.94
1262,2014-10-24,1338.48
1263,2014-10-23,1337.34
1264,2014-10-22,1334.75
1265,2014-10-21,1350.71
1266,2014-10-20,1352.24
1267,2014-10-17,1366.72
1268,2014-10-16,1358.4
1269,2014-10-15,1347.59
1270,2014-10-14,1351.49
1271,2014-10-13,1354.22
1272,2014-10-10,1359.28
1273,2014-10-08,1360.33
1274,2014-10-07,1348.17
1275,2014-10-06,1340.01
1276,2014-10-02,1341.61
1277,2014-10-01,1340.12
1278,2014-09-30,1335.0
1279,2014-09-29,1339.11
1280,2014-09-26,1332.16
1281,2014-09-25,1326.81
1282,2014-09-24,1333.83
1283,2014-09-23,1339.08
1284,2014-09-22,1339.84
1285,2014-09-19,1344.9
1286,2014-09-18,1340.33
1287,2014-09-17,1340.95
1288,2014-09-16,1341.15
1289,2014-09-15,1341.92
1290,2014-09-12,1336.19
1291,2014-09-11,1339.76
1292,2014-09-05,1327.07
1293,2014-09-04,1338.57
1294,2014-09-03,1337.73
1295,2014-09-02,1336.48
1296,2014-09-01,1329.87
1297,2014-08-29,1336.25
1298,2014-08-28,1340.6
1299,2014-08-27,1336.25
1300,2014-08-26,1341.36
1301,2014-08-25,1345.79
1302,2014-08-22,1352.51
1303,2014-08-21,1356.96
1304,2014-08-20,1358.08
1305,2014-08-19,1358.26
1306,2014-08-18,1362.23
1307,2014-08-14,1365.71
1308,2014-08-13,1374.12
1309,2014-08-12,1372.74
1310,2014-08-11,1379.53
1311,2014-08-08,1387.93
1312,2014-08-07,1386.62
1313,2014-08-06,1380.82
1314,2014-08-05,1378.51
1315,2014-08-04,1386.7
1316,2014-08-01,1389.67
1317,2014-07-31,1380.83
1318,2014-07-30,1372.33
1319,2014-07-29,1376.32
1320,2014-07-28,1378.23
1321,2014-07-25,1380.6
1322,2014-07-24,1386.62
1323,2014-07-23,1379.12
1324,2014-07-22,1382.32
1325,2014-07-21,1389.8
1326,2014-07-18,1394.11
1327,2014-07-17,1389.57
1328,2014-07-16,1394.25
1329,2014-07-15,1397.13
1330,2014-07-14,1387.64
1331,2014-07-11,1387.16
1332,2014-07-10,1382.11
1333,2014-07-09,1378.14
1334,2014-07-08,1375.44
1335,2014-07-07,1376.49
1336,2014-07-04,1372.38
1337,2014-07-03,1377.21
1338,2014-07-02,1376.65
1339,2014-07-01,1383.96
1340,2014-06-30,1381.41
1341,2014-06-27,1382.36
1342,2014-06-26,1382.77
1343,2014-06-25,1388.32
1344,2014-06-24,1386.04
1345,2014-06-23,1384.68
1346,2014-06-20,1390.06
1347,2014-06-19,1388.25
1348,2014-06-18,1386.57
1349,2014-06-17,1386.48
1350,2014-06-16,1381.27
1351,2014-06-13,1383.19
1352,2014-06-12,1375.97
1353,2014-06-11,1375.02
1354,2014-06-10,1378.65
1355,2014-06-09,1384.53
1356,2014-06-05,1390.84
1357,2014-06-03,1392.13
1358,2014-06-02,1392.44
1359,2014-05-30,1388.12
1360,2014-05-29,1385.22
1361,2014-05-28,1390.7
1362,2014-05-27,1396.05
1363,2014-05-26,1395.64
1364,2014-05-23,1397.24
1365,2014-05-22,1401.14
1366,2014-05-21,1406.37
1367,2014-05-20,1403.12
1368,2014-05-19,1401.09
1369,2014-05-16,1405.99
1370,2014-05-15,1402.44
1371,2014-05-14,1407.09
1372,2014-05-13,1407.09
1373,2014-05-12,1410.7
1374,2014-05-09,1417.93
1375,2014-05-08,1423.36
1376,2014-05-07,1423.71
1377,2014-05-02,1426.48
1378,2014-04-30,1423.23
1379,2014-04-29,1428.92
1380,2014-04-28,1434.85
1381,2014-04-25,1439.53
1382,2014-04-24,1438.56
1383,2014-04-23,1439.29
1384,2014-04-22,1433.58
1385,2014-04-21,1436.24
1386,2014-04-18,1434.52
1387,2014-04-17,1438.08
1388,2014-04-16,1438.53
1389,2014-04-15,1436.85
1390,2014-04-14,1438.28
1391,2014-04-11,1439.0
1392,2014-04-10,1438.29
1393,2014-04-09,1433.4
1394,2014-04-08,1443.82
1395,2014-04-07,1446.9
1396,2014-04-04,1444.87
1397,2014-04-03,1455.06
1398,2014-04-02,1458.71
1399,2014-04-01,1459.93
1400,2014-03-31,1460.73
1401,2014-03-28,1465.28
1402,2014-03-27,1475.96
1403,2014-03-26,1483.81
1404,2014-03-25,1491.38
1405,2014-03-24,1485.85
1406,2014-03-21,1489.1
1407,2014-03-20,1486.57
1408,2014-03-19,1487.41
1409,2014-03-18,1489.45
1410,2014-03-17,1483.01
1411,2014-03-14,1485.53
1412,2014-03-13,1490.18
1413,2014-03-12,1484.63
1414,2014-03-11,1475.24
1415,2014-03-10,1480.42
1416,2014-03-07,1471.99
1417,2014-03-06,1461.5
1418,2014-03-05,1470.65
1419,2014-03-04,1473.59
1420,2014-03-03,1475.1
1421,2014-02-28,1463.86
1422,2014-02-27,1458.21
1423,2014-02-26,1465.48
1424,2014-02-25,1475.7
1425,2014-02-24,1475.16
1426,2014-02-21,1468.6
1427,2014-02-20,1473.23
1428,2014-02-19,1465.12
1429,2014-02-18,1461.15
1430,2014-02-17,1452.46
1431,2014-02-14,1452.2
1432,2014-02-13,1449.32
1433,2014-02-12,1446.52
1434,2014-02-11,1458.12
1435,2014-02-10,1463.32
1436,2014-02-07,1459.02
1437,2014-02-06,1458.99
1438,2014-02-05,1457.78
1439,2014-02-04,1460.57
1440,2014-02-03,1465.67
1441,2014-01-29,1466.5
1442,2014-01-28,1472.76
1443,2014-01-27,1482.48
1444,2014-01-24,1476.54
1445,2014-01-23,1465.66
1446,2014-01-22,1444.4
1447,2014-01-21,1444.18
1448,2014-01-20,1442.57
1449,2014-01-17,1443.64
1450,2014-01-16,1446.36
1451,2014-01-15,1448.08
1452,2014-01-14,1449.98
1453,2014-01-13,1443.02
1454,2014-01-10,1443.6
1455,2014-01-09,1446.74
1456,2014-01-08,1450.51
1457,2014-01-07,1455.94
1458,2014-01-06,1449.33
1459,2014-01-03,1438.81
1460,2014-01-02,1442.44
1461,2013-12-31,1438.97
1462,2013-12-30,1447.61
1463,2013-12-27,1454.58
1464,2013-12-26,1449.35
1465,2013-12-24,1448.03
1466,2013-12-23,1450.92
1467,2013-12-20,1446.67
1468,2013-12-19,1447.18
1469,2013-12-18,1448.98
1470,2013-12-17,1448.81
1471,2013-12-16,1447.71
1472,2013-12-13,1449.35
1473,2013-12-12,1448.11
1474,2013-12-11,1445.65
1475,2013-12-10,1444.12
1476,2013-12-09,1441.34
1477,2013-12-06,1445.02
1478,2013-12-05,1441.87
1479,2013-12-04,1441.05
1480,2013-12-03,1439.67
1481,2013-12-02,1436.25
1482,2013-11-29,1440.3
1483,2013-11-28,1442.45
1484,2013-11-27,1443.73
1485,2013-11-26,1437.04
1486,2013-11-25,1436.85
1487,2013-11-22,1431.71
1488,2013-11-21,1425.28
1489,2013-11-20,1431.22
1490,2013-11-19,1425.68
1491,2013-11-18,1426.63
1492,2013-11-15,1431.47
1493,2013-11-14,1436.53
1494,2013-11-13,1440.58
1495,2013-11-12,1435.54
1496,2013-11-11,1434.76
1497,2013-11-08,1428.24
1498,2013-11-07,1434.26
1499,2013-11-06,1432.67
1500,2013-11-05,1430.76
1501,2013-11-04,1436.11
1502,2013-11-01,1435.96
1503,2013-10-31,1452.68
1504,2013-10-30,1458.45
1505,2013-10-29,1460.94
1506,2013-10-28,1464.66
1507,2013-10-25,1467.37
1508,2013-10-24,1464.6
1509,2013-10-23,1455.49
1510,2013-10-22,1450.02
1511,2013-10-21,1451.65
1512,2013-10-18,1453.35
1513,2013-10-17,1448.76
1514,2013-10-16,1444.5
1515,2013-10-15,1442.72
1516,2013-10-14,1452.02
1517,2013-10-11,1453.95
1518,2013-10-10,1448.24
1519,2013-10-08,1457.31
1520,2013-10-07,1456.78
1521,2013-10-04,1458.27
1522,2013-10-02,1453.8
1523,2013-10-01,1454.59
1524,2013-09-30,1449.52
1525,2013-09-27,1451.47
1526,2013-09-26,1454.35
1527,2013-09-25,1451.63
1528,2013-09-24,1449.79
1529,2013-09-23,1452.65
1530,2013-09-17,1447.01
1531,2013-09-16,1443.46
1532,2013-09-13,1443.74
1533,2013-09-12,1441.08
1534,2013-09-11,1440.46
1535,2013-09-10,1436.75
1536,2013-09-09,1430.67
1537,2013-09-06,1434.34
1538,2013-09-05,1449.14
1539,2013-09-04,1441.68
1540,2013-09-03,1446.94
1541,2013-09-02,1451.56
1542,2013-08-30,1468.76
1543,2013-08-29,1475.52
1544,2013-08-28,1492.32
1545,2013-08-27,1489.08
1546,2013-08-26,1487.08
1547,2013-08-23,1487.41
1548,2013-08-22,1496.43
1549,2013-08-21,1497.67
1550,2013-08-20,1496.44
1551,2013-08-19,1486.96
1552,2013-08-16,1484.19
1553,2013-08-14,1483.24
1554,2013-08-13,1483.61
1555,2013-08-12,1483.07
1556,2013-08-09,1487.97
1557,2013-08-08,1484.63
1558,2013-08-07,1484.6
1559,2013-08-06,1479.49
1560,2013-08-05,1479.83
1561,2013-08-02,1484.83
1562,2013-08-01,1486.63
1563,2013-07-31,1491.03
1564,2013-07-30,1477.95
1565,2013-07-29,1476.63
1566,2013-07-26,1476.41
1567,2013-07-25,1471.56
1568,2013-07-24,1473.83
1569,2013-07-23,1473.76
1570,2013-07-22,1471.5
1571,2013-07-19,1471.65
1572,2013-07-18,1474.44
1573,2013-07-17,1472.9
1574,2013-07-16,1462.31
1575,2013-07-15,1463.58
1576,2013-07-12,1468.53
1577,2013-07-11,1467.76
1578,2013-07-10,1455.26
1579,2013-07-09,1466.88
1580,2013-07-08,1477.19
1581,2013-07-05,1470.1
1582,2013-07-04,1482.11
1583,2013-07-03,1480.11
1584,2013-07-02,1478.37
1585,2013-07-01,1481.15
1586,2013-06-28,1486.82
1587,2013-06-27,1494.69
1588,2013-06-26,1504.97
1589,2013-06-25,1512.38
1590,2013-06-24,1525.99
1591,2013-06-21,1525.82
1592,2013-06-20,1525.79
1593,2013-06-19,1513.52
1594,2013-06-18,1513.29
1595,2013-06-17,1501.3
1596,2013-06-14,1501.95
1597,2013-06-13,1510.42
1598,2013-06-12,1501.88
1599,2013-06-11,1505.29
1600,2013-06-10,1493.41
1601,2013-06-07,1480.21
1602,2013-06-05,1458.8
1603,2013-06-04,1468.21
1604,2013-06-03,1470.38
1605,2013-05-31,1472.45
1606,2013-05-30,1463.02
1607,2013-05-29,1460.21
1608,2013-05-28,1454.73
1609,2013-05-27,1450.91
1610,2013-05-24,1459.26
1611,2013-05-23,1453.72
1612,2013-05-22,1441.05
1613,2013-05-21,1433.41
1614,2013-05-20,1435.01
1615,2013-05-16,1437.22
1616,2013-05-15,1439.86
1617,2013-05-14,1440.95
1618,2013-05-13,1443.02
1619,2013-05-10,1440.73
1620,2013-05-09,1434.33
1621,2013-05-08,1422.42
1622,2013-05-07,1425.28
1623,2013-05-06,1437.29
1624,2013-05-03,1437.84
1625,2013-05-02,1450.9
1626,2013-04-30,1443.03
1627,2013-04-29,1448.29
1628,2013-04-26,1444.87
1629,2013-04-25,1449.54
1630,2013-04-24,1453.55
1631,2013-04-23,1456.16
1632,2013-04-22,1462.88
1633,2013-04-19,1464.12
1634,2013-04-18,1464.55
1635,2013-04-17,1474.54
1636,2013-04-16,1456.36
1637,2013-04-15,1461.1
1638,2013-04-12,1476.8
1639,2013-04-11,1475.78
1640,2013-04-10,1479.01
1641,2013-04-09,1485.31
1642,2013-04-08,1491.63
1643,2013-04-05,1462.58
1644,2013-04-04,1443.5
1645,2013-04-03,1431.66
1646,2013-04-02,1437.47
1647,2013-04-01,1426.84
1648,2013-03-29,1424.41
1649,2013-03-28,1420.36
1650,2013-03-27,1426.17
1651,2013-03-26,1426.55
1652,2013-03-25,1441.89
1653,2013-03-22,1443.9
1654,2013-03-21,1438.83
1655,2013-03-20,1437.12
1656,2013-03-19,1437.28
1657,2013-03-18,1443.14
1658,2013-03-15,1446.93
1659,2013-03-14,1434.34
1660,2013-03-13,1433.31
1661,2013-03-12,1425.35
1662,2013-03-11,1425.02
1663,2013-03-08,1425.83
1664,2013-03-07,1414.19
1665,2013-03-06,1414.72
1666,2013-03-05,1418.86
1667,2013-03-04,1419.5
1668,2013-02-28,1423.28
1669,2013-02-27,1421.69
1670,2013-02-26,1426.48
1671,2013-02-25,1435.57
1672,2013-02-22,1433.05
1673,2013-02-21,1434.71
1674,2013-02-20,1447.59
1675,2013-02-19,1443.01
1676,2013-02-18,1444.85
1677,2013-02-15,1438.85
1678,2013-02-14,1449.53
1679,2013-02-13,1462.1
1680,2013-02-12,1460.55
1681,2013-02-08,1466.71
1682,2013-02-07,1479.7
1683,2013-02-06,1474.02
1684,2013-02-05,1467.6
1685,2013-02-04,1478.18
1686,2013-02-01,1492.81
1687,2013-01-31,1473.97
1688,2013-01-30,1463.83
1689,2013-01-29,1459.76
1690,2013-01-28,1466.52
1691,2013-01-25,1442.09
1692,2013-01-24,1422.34
1693,2013-01-23,1417.67
1694,2013-01-22,1418.06
1695,2013-01-21,1414.53
1696,2013-01-18,1412.47
1697,2013-01-17,1410.36
1698,2013-01-16,1406.38
1699,2013-01-15,1412.75
1700,2013-01-14,1410.95
1701,2013-01-11,1400.15
1702,2013-01-10,1383.27
1703,2013-01-09,1388.21
1704,2013-01-08,1395.08
1705,2013-01-07,1385.63
1706,2013-01-04,1384.9
1707,2013-01-03,1395.85
1708,2013-01-02,1409.88
1709,2012-12-31,1401.67
1710,2012-12-28,1410.77
1711,2012-12-27,1421.0
1712,2012-12-26,1415.93
1713,2012-12-24,1418.52
1714,2012-12-21,1420.49
1715,2012-12-20,1419.69
1716,2012-12-18,1413.37
1717,2012-12-17,1410.97
1718,2012-12-14,1405.33
1719,2012-12-13,1401.55
1720,2012-12-12,1396.52
1721,2012-12-11,1392.88
1722,2012-12-10,1391.59
1723,2012-12-07,1399.35
1724,2012-12-06,1416.13
1725,2012-12-05,1416.75
1726,2012-12-04,1416.68
1727,2012-12-03,1410.5
1728,2012-11-30,1408.66
1729,2012-11-29,1404.98
1730,2012-11-28,1405.28
1731,2012-11-27,1406.82
1732,2012-11-26,1406.27
1733,2012-11-23,1398.67
1734,2012-11-22,1395.42
1735,2012-11-21,1381.39
1736,2012-11-20,1384.94
1737,2012-11-19,1389.19
1738,2012-11-16,1391.68
1739,2012-11-15,1385.82
1740,2012-11-14,1381.64
1741,2012-11-13,1382.21
1742,2012-11-12,1384.32
1743,2012-11-09,1385.15
1744,2012-11-08,1391.07
1745,2012-11-07,1393.26
1746,2012-11-06,1394.63
1747,2012-11-05,1398.4
1748,2012-11-02,1407.38
1749,2012-11-01,1413.16
1750,2012-10-31,1416.35
1751,2012-10-30,1410.24
1752,2012-10-29,1412.87
1753,2012-10-26,1420.26
1754,2012-10-25,1424.7
1755,2012-10-24,1427.93
1756,2012-10-23,1437.76
1757,2012-10-22,1440.06
1758,2012-10-19,1439.75
1759,2012-10-18,1446.14
1760,2012-10-17,1446.46
1761,2012-10-16,1438.13
1762,2012-10-15,1439.12
1763,2012-10-12,1440.21
1764,2012-10-11,1432.34
1765,2012-10-10,1433.16
1766,2012-10-09,1437.17
1767,2012-10-08,1442.26
1768,2012-10-05,1443.65
1769,2012-10-04,1439.87
1770,2012-10-02,1438.31
1771,2012-09-28,1438.48
1772,2012-09-27,1437.61
1773,2012-09-26,1441.1
1774,2012-09-25,1444.07
1775,2012-09-24,1445.89
1776,2012-09-21,1455.0
1777,2012-09-20,1455.57
1778,2012-09-19,1453.94
1779,2012-09-18,1463.56
1780,2012-09-17,1464.48
1781,2012-09-14,1456.1
1782,2012-09-13,1458.13
1783,2012-09-12,1452.31
1784,2012-09-11,1441.2
1785,2012-09-10,1443.39
1786,2012-09-07,1431.19
1787,2012-09-06,1429.39
1788,2012-09-05,1423.24
1789,2012-09-04,1428.49
1790,2012-09-03,1423.15
1791,2012-08-31,1421.7
1792,2012-08-30,1422.32
1793,2012-08-29,1424.81
1794,2012-08-28,1423.01
1795,2012-08-27,1421.59
1796,2012-08-24,1424.31
1797,2012-08-23,1418.1
1798,2012-08-22,1415.4
1799,2012-08-21,1401.37
1800,2012-08-20,1401.79
1801,2012-08-17,1404.0
1802,2012-08-16,1390.87
1803,2012-08-14,1396.57
1804,2012-08-13,1389.11
1805,2012-08-10,1387.64
1806,2012-08-09,1390.61
1807,2012-08-08,1396.35
1808,2012-08-07,1398.27
1809,2012-08-06,1395.9
1810,2012-08-03,1384.0
1811,2012-08-02,1388.75
1812,2012-08-01,1388.01
1813,2012-07-31,1383.54
1814,2012-07-30,1394.92
1815,2012-07-27,1395.82
1816,2012-07-26,1390.85
1817,2012-07-25,1392.57
1818,2012-07-24,1389.25
1819,2012-07-23,1390.31
1820,2012-07-20,1398.02
1821,2012-07-19,1397.71
1822,2012-07-18,1403.18
1823,2012-07-17,1405.46
1824,2012-07-16,1400.72
1825,2012-07-13,1404.99
1826,2012-07-12,1407.02
1827,2012-07-11,1402.29
1828,2012-07-10,1406.03
1829,2012-07-09,1402.8
1830,2012-07-06,1409.8
1831,2012-07-05,1419.43
1832,2012-07-04,1430.85
1833,2012-07-03,1431.13
1834,2012-07-02,1445.32
1835,2012-06-29,1440.23
1836,2012-06-28,1436.29
1837,2012-06-27,1445.44
1838,2012-06-26,1446.73
1839,2012-06-25,1452.29
1840,2012-06-22,1454.2
1841,2012-06-21,1459.24
1842,2012-06-20,1462.35
1843,2012-06-19,1455.53
1844,2012-06-18,1466.54
1845,2012-06-15,1469.45
1846,2012-06-14,1462.75
1847,2012-06-13,1459.6
1848,2012-06-12,1461.72
1849,2012-06-11,1469.28
1850,2012-06-08,1462.33
1851,2012-06-07,1469.52
1852,2012-06-05,1466.3
1853,2012-06-04,1468.28
1854,2012-06-01,1454.89
1855,2012-05-31,1461.51
1856,2012-05-30,1467.2
1857,2012-05-29,1474.23
1858,2012-05-25,1484.68
1859,2012-05-24,1486.99
1860,2012-05-23,1484.01
1861,2012-05-22,1486.95
1862,2012-05-21,1491.83
1863,2012-05-18,1484.38
1864,2012-05-17,1480.61
1865,2012-05-16,1484.59
1866,2012-05-15,1481.84
1867,2012-05-14,1483.04
1868,2012-05-11,1485.02
1869,2012-05-10,1478.01
1870,2012-05-09,1479.72
1871,2012-05-08,1478.16
1872,2012-05-07,1480.12
1873,2012-05-04,1486.09
1874,2012-05-03,1483.84
1875,2012-05-02,1485.01
1876,2012-04-30,1493.34
1877,2012-04-27,1497.79
1878,2012-04-26,1502.29
1879,2012-04-25,1506.42
1880,2012-04-24,1501.04
1881,2012-04-23,1499.76
1882,2012-04-20,1500.47
1883,2012-04-19,1493.77
1884,2012-04-18,1488.76
1885,2012-04-17,1495.24
1886,2012-04-16,1481.22
1887,2012-04-13,1491.87
1888,2012-04-12,1496.25
1889,2012-04-10,1493.26
1890,2012-04-09,1488.93
1891,2012-04-06,1478.53
1892,2012-04-05,1481.68
1893,2012-04-04,1488.23
1894,2012-04-03,1497.19
1895,2012-04-02,1503.44
1896,2012-03-30,1510.2
1897,2012-03-29,1514.5
1898,2012-03-28,1515.23
1899,2012-03-27,1511.99
1900,2012-03-26,1507.26
1901,2012-03-23,1505.04
1902,2012-03-22,1488.4
1903,2012-03-21,1496.09
1904,2012-03-20,1490.23
1905,2012-03-19,1476.52
1906,2012-03-16,1471.64
1907,2012-03-15,1469.83
1908,2012-03-14,1472.29
1909,2012-03-13,1474.5
1910,2012-03-12,1473.11
1911,2012-03-09,1480.44
1912,2012-03-08,1472.63
1913,2012-03-07,1476.13
1914,2012-03-06,1481.69
1915,2012-03-05,1476.52
1916,2012-03-02,1479.92
1917,2012-02-29,1502.47
1918,2012-02-28,1512.68
1919,2012-02-27,1515.56
1920,2012-02-24,1510.29
1921,2012-02-23,1498.01
1922,2012-02-22,1489.92
1923,2012-02-21,1489.43
1924,2012-02-20,1483.23
1925,2012-02-17,1478.53
1926,2012-02-16,1471.09
1927,2012-02-15,1476.66
1928,2012-02-14,1480.31
1929,2012-02-13,1486.37
1930,2012-02-10,1491.54
1931,2012-02-09,1484.28
1932,2012-02-08,1481.27
1933,2012-02-07,1469.95
1934,2012-02-06,1465.67
1935,2012-02-03,1470.17
1936,2012-02-02,1469.61
1937,2012-02-01,1470.8
1938,2012-01-31,1478.8
1939,2012-01-30,1483.32
1940,2012-01-27,1472.89
1941,2012-01-26,1472.25
1942,2012-01-25,1467.83
1943,2012-01-20,1468.85
1944,2012-01-19,1463.55
1945,2012-01-18,1458.13
1946,2012-01-17,1457.9
1947,2012-01-16,1461.43
1948,2012-01-13,1476.97
1949,2012-01-12,1473.21
1950,2012-01-11,1477.95
1951,2012-01-10,1476.45
1952,2012-01-09,1480.86
1953,2012-01-06,1487.01
1954,2012-01-05,1484.51
1955,2012-01-04,1495.77
1956,2012-01-03,1494.57
1957,2012-01-02,1495.73
1958,2011-12-30,1497.2
1959,2011-12-29,1490.64
1960,2011-12-28,1509.97
1961,2011-12-27,1511.24
1962,2011-12-26,1507.66
1963,2011-12-23,1504.09
1964,2011-12-22,1507.12
1965,2011-12-21,1507.5
1966,2011-12-20,1513.25
1967,2011-12-19,1521.44
1968,2011-12-16,1506.95
1969,2011-12-15,1506.93
1970,2011-12-14,1507.22
1971,2011-12-13,1520.38
1972,2011-12-12,1527.12
1973,2011-12-09,1528.06
1974,2011-12-08,1517.46
1975,2011-12-07,1513.68
1976,2011-12-06,1512.17
1977,2011-12-05,1516.04
1978,2011-12-02,1521.0
1979,2011-12-01,1516.93
1980,2011-11-30,1520.99
1981,2011-11-29,1527.39
1982,2011-11-28,1539.35
1983,2011-11-25,1546.42
1984,2011-11-24,1543.24
1985,2011-11-23,1548.1
1986,2011-11-22,1547.51
1987,2011-11-21,1536.45
1988,2011-11-18,1538.22
1989,2011-11-17,1525.92
1990,2011-11-16,1531.03
1991,2011-11-15,1530.69
1992,2011-11-14,1543.25
1993,2011-11-11,1538.57
1994,2011-11-10,1539.07
1995,2011-11-09,1541.22
1996,2011-11-08,1541.42
1997,2011-11-07,1539.16
1998,2011-11-04,1536.54
1999,2011-11-03,1550.48
2000,2011-11-02,1539.82
2001,2011-11-01,1534.41
2002,2011-10-31,1555.78
2003,2011-10-28,1565.8
2004,2011-10-27,1556.24
2005,2011-10-26,1576.42
2006,2011-10-25,1569.35
2007,2011-10-24,1573.83
2008,2011-10-21,1582.29
2009,2011-10-20,1567.97
2010,2011-10-19,1566.96
2011,2011-10-18,1573.43
2012,2011-10-17,1581.84
2013,2011-10-14,1595.86
2014,2011-10-13,1592.02
2015,2011-10-12,1598.68
2016,2011-10-11,1592.02
2017,2011-10-10,1584.2
2018,2011-10-07,1585.33
2019,2011-10-06,1584.94
2020,2011-10-05,1589.08
2021,2011-10-04,1572.37
2022,2011-09-30,1595.54
2023,2011-09-29,1600.01
2024,2011-09-28,1591.48
2025,2011-09-27,1583.7
2026,2011-09-26,1605.66
2027,2011-09-23,1587.83
2028,2011-09-22,1613.77
2029,2011-09-21,1579.69
2030,2011-09-20,1563.5
2031,2011-09-19,1552.0
2032,2011-09-16,1528.07
2033,2011-09-15,1530.56
2034,2011-09-14,1514.89
2035,2011-09-09,1493.4
2036,2011-09-08,1510.84
2037,2011-09-07,1509.15
2038,2011-09-06,1520.81
2039,2011-09-05,1512.25
2040,2011-09-02,1513.03
2041,2011-09-01,1518.45
2042,2011-08-31,1539.3
2043,2011-08-30,1550.21
2044,2011-08-29,1558.7
2045,2011-08-26,1562.41
2046,2011-08-25,1568.26
2047,2011-08-24,1561.33
2048,2011-08-23,1558.96
2049,2011-08-22,1559.45
2050,2011-08-19,1551.81
2051,2011-08-18,1550.29
2052,2011-08-17,1543.47
2053,2011-08-16,1542.07
2054,2011-08-12,1538.8
2055,2011-08-11,1540.75
2056,2011-08-10,1553.43
2057,2011-08-09,1545.95
2058,2011-08-08,1548.72
2059,2011-08-05,1514.02
2060,2011-08-04,1514.94
2061,2011-08-03,1509.24
2062,2011-08-02,1494.52
2063,2011-08-01,1509.51
2064,2011-07-29,1505.01
2065,2011-07-28,1511.02
2066,2011-07-27,1522.7
2067,2011-07-26,1522.9
2068,2011-07-25,1515.93
2069,2011-07-22,1515.83
2070,2011-07-21,1503.03
2071,2011-07-20,1497.09
2072,2011-07-19,1498.43
2073,2011-07-18,1491.51
2074,2011-07-15,1497.6
2075,2011-07-14,1504.43
2076,2011-07-13,1489.83
2077,2011-07-12,1485.91
2078,2011-07-11,1498.73
2079,2011-07-08,1512.78
2080,2011-07-07,1522.77
2081,2011-07-06,1530.41
2082,2011-07-05,1542.65
2083,2011-07-04,1545.14
2084,2011-07-01,1550.03
2085,2011-06-30,1546.49
2086,2011-06-29,1547.83
2087,2011-06-28,1545.81
2088,2011-06-27,1539.41
2089,2011-06-24,1544.64
2090,2011-06-23,1538.02
2091,2011-06-22,1546.45
2092,2011-06-21,1546.82
2093,2011-06-20,1546.63
2094,2011-06-17,1539.57
2095,2011-06-16,1540.83
2096,2011-06-15,1555.69
2097,2011-06-14,1566.02
2098,2011-06-13,1555.56
2099,2011-06-10,1568.29
2100,2011-06-09,1584.97
2101,2011-06-08,1584.4
2102,2011-06-07,1584.47
2103,2011-06-03,1564.74
2104,2011-06-02,1555.56
2105,2011-06-01,1547.92
2106,2011-05-31,1554.01
2107,2011-05-30,1542.07
2108,2011-05-27,1540.03
2109,2011-05-26,1542.79
2110,2011-05-25,1545.9
2111,2011-05-24,1540.74
2112,2011-05-23,1535.77
2113,2011-05-20,1552.09
2114,2011-05-19,1545.28
2115,2011-05-18,1552.37
2116,2011-05-17,1545.84
2117,2011-05-16,1543.21
2118,2011-05-13,1553.18
2119,2011-05-12,1544.2
2120,2011-05-11,1549.83
2121,2011-05-09,1559.34
2122,2011-05-06,1577.85
2123,2011-05-04,1597.04
2124,2011-05-03,1583.49
2125,2011-05-02,1577.58
2126,2011-04-29,1587.47
2127,2011-04-28,1590.85
2128,2011-04-27,1584.6
2129,2011-04-26,1585.86
2130,2011-04-25,1579.1
2131,2011-04-22,1573.75
2132,2011-04-21,1578.85
2133,2011-04-20,1562.65
2134,2011-04-19,1553.69
2135,2011-04-18,1560.26
2136,2011-04-15,1576.14
2137,2011-04-14,1577.13
2138,2011-04-13,1576.48
2139,2011-04-12,1576.06
2140,2011-04-11,1569.16
2141,2011-04-08,1560.67
2142,2011-04-07,1556.23
2143,2011-04-06,1552.44
2144,2011-04-05,1546.06
2145,2011-04-04,1544.63
2146,2011-04-01,1545.62
2147,2011-03-31,1558.13
2148,2011-03-30,1553.95
2149,2011-03-29,1571.02
2150,2011-03-28,1567.29
2151,2011-03-25,1575.6
2152,2011-03-24,1577.82
2153,2011-03-23,1593.42
2154,2011-03-22,1594.88
2155,2011-03-21,1593.16
2156,2011-03-18,1586.58
2157,2011-03-17,1585.11
2158,2011-03-16,1580.01
2159,2011-03-15,1580.23
2160,2011-03-14,1568.11
2161,2011-03-11,1554.25
2162,2011-03-10,1554.23
2163,2011-03-09,1548.59
2164,2011-03-08,1557.71
2165,2011-03-07,1563.1
2166,2011-03-04,1557.94
2167,2011-03-03,1553.03
2168,2011-03-02,1552.78
2169,2011-02-28,1556.08
2170,2011-02-25,1557.09
2171,2011-02-24,1560.51
2172,2011-02-23,1540.09
2173,2011-02-22,1530.13
2174,2011-02-21,1530.3
2175,2011-02-18,1511.34
2176,2011-02-17,1514.09
2177,2011-02-16,1512.86
2178,2011-02-15,1515.26
2179,2011-02-14,1514.59
2180,2011-02-11,1527.65
2181,2011-02-10,1528.36
2182,2011-02-09,1513.01
2183,2011-02-08,1501.81
2184,2011-02-07,1506.7
2185,2011-02-01,1531.97
2186,2011-01-31,1526.7
2187,2011-01-28,1525.62
2188,2011-01-27,1523.42
2189,2011-01-26,1529.05
2190,2011-01-25,1525.41
2191,2011-01-24,1522.66
2192,2011-01-21,1520.09
2193,2011-01-20,1509.65
2194,2011-01-19,1496.2
2195,2011-01-18,1489.64
2196,2011-01-17,1484.83
2197,2011-01-14,1496.22
2198,2011-01-13,1461.04
2199,2011-01-12,1456.04
2200,2011-01-11,1454.12
2201,2011-01-10,1450.43
2202,2011-01-07,1460.22
2203,2011-01-06,1467.26
2204,2011-01-05,1492.15
2205,2011-01-04,1497.1
2206,2011-01-03,1496.25
2207,2010-12-31,1494.08
2208,2010-12-30,1500.85
2209,2010-12-29,1501.04
2210,2010-12-28,1520.04
2211,2010-12-27,1512.99
2212,2010-12-24,1511.1
2213,2010-12-23,1507.23
2214,2010-12-22,1512.76
2215,2010-12-21,1519.4
2216,2010-12-20,1519.98
2217,2010-12-17,1535.92
2218,2010-12-16,1526.17
2219,2010-12-15,1543.9
2220,2010-12-14,1533.96
2221,2010-12-13,1510.77
2222,2010-12-10,1508.79
2223,2010-12-09,1512.59
2224,2010-12-08,1512.02
2225,2010-12-07,1509.52
2226,2010-12-06,1510.69
2227,2010-12-03,1506.8
2228,2010-12-02,1512.46
2229,2010-12-01,1500.44
2230,2010-11-30,1514.89
2231,2010-11-29,1528.1
2232,2010-11-26,1530.32
2233,2010-11-25,1518.09
2234,2010-11-24,1532.67
2235,2010-11-23,1574.7
2236,2010-11-22,1548.39
2237,2010-11-19,1549.13
2238,2010-11-18,1542.24
2239,2010-11-17,1550.26
2240,2010-11-16,1534.53
2241,2010-11-15,1549.16
2242,2010-11-12,1538.93
2243,2010-11-11,1525.16
2244,2010-11-10,1534.24
2245,2010-11-09,1541.51
2246,2010-11-08,1555.59
2247,2010-11-05,1571.39
2248,2010-11-04,1569.65
2249,2010-11-03,1552.27
2250,2010-11-02,1552.83
2251,2010-11-01,1559.89
2252,2010-10-29,1554.86
2253,2010-10-28,1555.89
2254,2010-10-27,1561.91
2255,2010-10-26,1561.34
2256,2010-10-25,1566.19
2257,2010-10-22,1569.46
2258,2010-10-21,1582.67
2259,2010-10-20,1559.94
2260,2010-10-19,1569.57
2261,2010-10-18,1552.52
2262,2010-10-15,1568.07
2263,2010-10-14,1563.18
2264,2010-10-13,1567.83
2265,2010-10-12,1562.65
2266,2010-10-11,1561.7
2267,2010-10-08,1562.23
2268,2010-10-07,1561.71
2269,2010-10-06,1550.88
2270,2010-10-05,1554.16
2271,2010-10-04,1541.49
2272,2010-10-01,1544.53
2273,2010-09-30,1548.71
2274,2010-09-29,1551.98
2275,2010-09-28,1540.96
2276,2010-09-27,1542.91
2277,2010-09-24,1544.72
2278,2010-09-20,1520.33
2279,2010-09-17,1524.74
2280,2010-09-16,1518.65
2281,2010-09-15,1508.29
2282,2010-09-14,1495.54
2283,2010-09-13,1485.32
2284,2010-09-10,1484.21
2285,2010-09-09,1481.87
2286,2010-09-08,1485.51
2287,2010-09-07,1504.83
2288,2010-09-06,1510.85
2289,2010-09-03,1510.09
2290,2010-09-02,1513.11
2291,2010-09-01,1510.83
2292,2010-08-31,1519.07
2293,2010-08-30,1517.77
2294,2010-08-27,1520.75
2295,2010-08-26,1512.41
2296,2010-08-25,1514.27
2297,2010-08-24,1507.12
2298,2010-08-23,1502.32
2299,2010-08-20,1510.57
2300,2010-08-19,1503.25
2301,2010-08-18,1508.97
2302,2010-08-17,1515.11
2303,2010-08-16,1520.69
2304,2010-08-13,1525.89
2305,2010-08-12,1529.29
2306,2010-08-11,1544.87
2307,2010-08-10,1539.42
2308,2010-08-09,1542.97
2309,2010-08-06,1534.0
2310,2010-08-05,1531.28
2311,2010-08-04,1543.23
2312,2010-08-03,1545.93
2313,2010-08-02,1534.18
2314,2010-07-30,1544.23
2315,2010-07-29,1548.85
2316,2010-07-28,1542.39
2317,2010-07-27,1536.52
2318,2010-07-26,1534.64
2319,2010-07-23,1549.97
2320,2010-07-22,1544.41
2321,2010-07-21,1549.23
2322,2010-07-20,1568.71
2323,2010-07-19,1575.57
2324,2010-07-16,1555.99
2325,2010-07-15,1536.68
2326,2010-07-14,1526.21
2327,2010-07-13,1518.59
2328,2010-07-12,1514.0
2329,2010-07-09,1519.32
2330,2010-07-08,1529.57
2331,2010-07-07,1537.8
2332,2010-07-06,1534.7
2333,2010-07-05,1535.42
2334,2010-07-02,1534.61
2335,2010-07-01,1507.98
2336,2010-06-30,1489.01
2337,2010-06-29,1484.37
2338,2010-06-28,1489.71
2339,2010-06-25,1498.13
2340,2010-06-24,1467.85
2341,2010-06-23,1456.37
2342,2010-06-22,1457.46
2343,2010-06-21,1457.87
2344,2010-06-18,1484.28
2345,2010-06-17,1496.61
2346,2010-06-16,1489.43
2347,2010-06-15,1496.44
2348,2010-06-14,1492.3
2349,2010-06-11,1513.71
2350,2010-06-10,1505.59
2351,2010-06-09,1496.83
2352,2010-06-08,1473.67
2353,2010-06-07,1473.27
2354,2010-06-04,1464.27
2355,2010-06-03,1480.2
2356,2010-06-01,1494.24
2357,2010-05-31,1479.68
2358,2010-05-28,1481.6
2359,2010-05-27,1503.93
2360,2010-05-26,1540.31
2361,2010-05-25,1554.26
2362,2010-05-24,1518.37
2363,2010-05-20,1477.93
2364,2010-05-19,1422.0
2365,2010-05-18,1414.74
2366,2010-05-17,1416.38
2367,2010-05-14,1420.91
2368,2010-05-13,1425.45
2369,2010-05-12,1443.11
2370,2010-05-11,1446.77
2371,2010-05-10,1469.95
2372,2010-05-07,1468.35
2373,2010-05-06,1465.24
2374,2010-05-04,1470.1
2375,2010-05-03,1477.78
2376,2010-04-30,1472.09
2377,2010-04-29,1472.23
2378,2010-04-28,1476.4
2379,2010-04-27,1486.19
2380,2010-04-26,1477.84
2381,2010-04-23,1472.08
2382,2010-04-22,1487.23
2383,2010-04-21,1489.27
2384,2010-04-20,1503.59
2385,2010-04-19,1507.18
2386,2010-04-16,1502.68
2387,2010-04-15,1509.25
2388,2010-04-14,1517.7
2389,2010-04-13,1526.48
2390,2010-04-12,1518.98
2391,2010-04-09,1495.22
2392,2010-04-08,1494.13
2393,2010-04-07,1500.79
2394,2010-04-06,1506.1
2395,2010-04-05,1513.69
2396,2010-04-02,1526.52
2397,2010-04-01,1522.13
2398,2010-03-31,1516.81
2399,2010-03-30,1528.43
2400,2010-03-29,1528.3
2401,2010-03-26,1522.26
2402,2010-03-25,1521.98
2403,2010-03-24,1527.66
2404,2010-03-23,1538.11
2405,2010-03-22,1536.09
2406,2010-03-19,1542.28
2407,2010-03-18,1548.41
2408,2010-03-17,1557.51
2409,2010-03-16,1550.29
2410,2010-03-15,1559.87
2411,2010-03-12,1546.34
2412,2010-03-11,1544.05
2413,2010-03-10,1536.69
2414,2010-03-09,1544.62
2415,2010-03-08,1550.04
2416,2010-03-05,1549.36
2417,2010-03-04,1564.18
2418,2010-03-03,1562.1
2419,2010-03-02,1560.59
2420,2010-02-26,1573.34
2421,2010-02-25,1565.91
2422,2010-02-24,1560.79
2423,2010-02-23,1567.27
2424,2010-02-22,1563.93
2425,2010-02-19,1564.35
2426,2010-02-18,1556.91
2427,2010-02-17,1573.34
2428,2010-02-16,1573.07
2429,2010-02-12,1573.73
2430,2010-02-11,1594.83
2431,2010-02-10,1597.22
2432,2010-02-09,1595.32
2433,2010-02-08,1602.71
2434,2010-02-05,1603.33
2435,2010-02-04,1598.87
2436,2010-02-03,1606.06
2437,2010-02-02,1616.81
2438,2010-02-01,1622.12
2439,2010-01-29,1614.36
2440,2010-01-28,1614.98
2441,2010-01-27,1633.89
2442,2010-01-26,1639.96
2443,2010-01-25,1625.62
2444,2010-01-22,1621.59
2445,2010-01-21,1604.37
2446,2010-01-20,1615.82
2447,2010-01-19,1624.01
2448,2010-01-18,1618.24
2449,2010-01-15,1621.26
2450,2010-01-14,1630.62
2451,2010-01-13,1631.41
2452,2010-01-12,1630.26
2453,2010-01-11,1623.61
2454,2010-01-08,1621.36
2455,2010-01-07,1633.76
2456,2010-01-06,1630.9
2457,2010-01-05,1648.59
2458,2010-01-04,1649.37
2459,2009-12-31,1671.05
2460,2009-12-30,1668.21
2461,2009-12-29,1687.63
2462,2009-12-28,1683.18
2463,2009-12-24,1689.68
2464,2009-12-23,1689.1
2465,2009-12-22,1689.51
2466,2009-12-21,1696.08
2467,2009-12-18,1692.29
2468,2009-12-17,1696.45
2469,2009-12-16,1692.83
2470,2009-12-15,1697.91
2471,2009-12-14,1699.94
2472,2009-12-11,1713.84
2473,2009-12-10,1712.63
2474,2009-12-09,1710.93
2475,2009-12-08,1713.52
2476,2009-12-07,1717.15
2477,2009-12-04,1735.24
2478,2009-12-03,1740.66
2479,2009-12-02,1740.64
2480,2009-12-01,1745.22
2481,2009-11-30,1749.63
2482,2009-11-27,1755.62
2483,2009-11-26,1743.65
2484,2009-11-25,1730.08
2485,2009-11-24,1726.17
2486,2009-11-23,1728.17
2487,2009-11-20,1729.44
2488,2009-11-19,1724.26
2489,2009-11-18,1717.79
2490,2009-11-17,1725.92
2491,2009-11-16,1730.42
2492,2009-11-13,1725.85
2493,2009-11-12,1737.05
2494,2009-11-11,1735.15
2495,2009-11-10,1736.87
2496,2009-11-09,1734.61
2497,2009-11-06,1737.63
2498,2009-11-05,1751.96
2499,2009-11-04,1741.29
2500,2009-11-03,1747.65
2501,2009-11-02,1746.64
2502,2009-10-30,1754.92
2503,2009-10-29,1758.84
2504,2009-10-28,1771.54
2505,2009-10-27,1765.65
2506,2009-10-26,1768.87
2507,2009-10-23,1776.78
2508,2009-10-22,1786.99
2509,2009-10-21,1761.03
2510,2009-10-20,1746.77
2511,2009-10-19,1746.14
2512,2009-10-16,1735.24
2513,2009-10-15,1728.39
2514,2009-10-14,1734.36
2515,2009-10-13,1726.61
2516,2009-10-12,1720.78
2517,2009-10-09,1715.74
2518,2009-10-08,1724.44
2519,2009-10-07,1721.69
2520,2009-10-06,1723.8
2521,2009-10-05,1714.2
2522,2009-10-01,1713.6
2523,2009-09-30,1720.94
2524,2009-09-29,1733.9
2525,2009-09-28,1746.13
2526,2009-09-25,1740.91
2527,2009-09-24,1757.68
2528,2009-09-23,1770.46
2529,2009-09-22,1776.42
2530,2009-09-21,1768.01
2531,2009-09-18,1775.25
2532,2009-09-17,1777.64
2533,2009-09-16,1775.87
2534,2009-09-15,1775.85
2535,2009-09-14,1786.04
2536,2009-09-11,1783.88
2537,2009-09-10,1782.16
2538,2009-09-09,1779.13
2539,2009-09-08,1773.18
2540,2009-09-07,1772.12
2541,2009-09-04,1773.23
2542,2009-09-03,1780.19
2543,2009-09-02,1777.46
2544,2009-09-01,1784.6
2545,2009-08-31,1784.54
2546,2009-08-28,1785.42
2547,2009-08-27,1778.15
2548,2009-08-26,1785.61
2549,2009-08-25,1780.59
2550,2009-08-24,1777.89
2551,2009-08-21,1785.95
2552,2009-08-20,1772.27
2553,2009-08-19,1773.45
2554,2009-08-18,1764.75
2555,2009-08-17,1775.59
2556,2009-08-14,1768.05
2557,2009-08-13,1761.79
2558,2009-08-12,1762.88
2559,2009-08-11,1753.2
2560,2009-08-10,1742.44
2561,2009-08-07,1765.09
2562,2009-08-06,1763.17
2563,2009-08-05,1762.53
2564,2009-08-04,1758.96
2565,2009-08-03,1737.95
2566,2009-07-31,1733.84
2567,2009-07-30,1738.43
2568,2009-07-29,1761.7
2569,2009-07-28,1764.1
2570,2009-07-27,1770.9
2571,2009-07-24,1775.37
2572,2009-07-23,1777.49
2573,2009-07-22,1774.13
2574,2009-07-21,1778.13
2575,2009-07-20,1773.48
2576,2009-07-17,1777.86
2577,2009-07-16,1784.71
2578,2009-07-15,1794.31
2579,2009-07-14,1812.76
2580,2009-07-13,1824.35
2581,2009-07-10,1789.75
2582,2009-07-09,1777.49
2583,2009-07-08,1778.87
2584,2009-07-07,1773.73
2585,2009-07-06,1772.59
2586,2009-07-03,1775.97
2587,2009-07-02,1790.63
2588,2009-07-01,1778.45
2589,2009-06-30,1795.17
2590,2009-06-29,1801.9
2591,2009-06-26,1800.46
2592,2009-06-25,1802.46
2593,2009-06-24,1812.11
2594,2009-06-23,1786.13
2595,2009-06-22,1770.38
2596,2009-06-19,1763.54
2597,2009-06-18,1763.79
2598,2009-06-17,1748.63
2599,2009-06-16,1739.5
2600,2009-06-15,1758.22
2601,2009-06-12,1765.01
2602,2009-06-11,1754.85
2603,2009-06-10,1761.39
2604,2009-06-09,1760.62
2605,2009-06-08,1742.2
2606,2009-06-05,1766.41
2607,2009-06-04,1771.01
2608,2009-06-03,1760.64
2609,2009-06-02,1753.41
2610,2009-06-01,1756.75
2611,2009-05-29,1754.45
2612,2009-05-28,1743.32
2613,2009-05-27,1773.56
2614,2009-05-26,1763.54
2615,2009-05-25,1751.44
2616,2009-05-22,1737.25
2617,2009-05-21,1716.11
2618,2009-05-20,1700.67
2619,2009-05-19,1690.98
2620,2009-05-18,1693.27
2621,2009-05-15,1717.68
2622,2009-05-14,1724.03
2623,2009-05-13,1703.41
2624,2009-05-12,1690.49
2625,2009-05-11,1699.91
2626,2009-05-08,1670.14
2627,2009-05-07,1676.51
2628,2009-05-06,1693.03
2629,2009-05-04,1696.6
2630,2009-04-30,1723.7
2631,2009-04-29,1761.13
2632,2009-04-28,1767.23
2633,2009-04-27,1771.74
2634,2009-04-24,1775.47
2635,2009-04-23,1753.43
2636,2009-04-22,1751.13
2637,2009-04-21,1745.44
2638,2009-04-20,1736.76
2639,2009-04-17,1742.26
2640,2009-04-16,1757.14
2641,2009-04-15,1761.57
2642,2009-04-14,1757.08
2643,2009-04-13,1751.25
2644,2009-04-10,1751.94
2645,2009-04-09,1762.78
2646,2009-04-08,1783.29
2647,2009-04-07,1766.33
2648,2009-04-06,1779.79
2649,2009-04-03,1802.3
2650,2009-04-02,1770.61
2651,2009-04-01,1824.24
2652,2009-03-31,1818.48
2653,2009-03-30,1839.73
2654,2009-03-27,1827.9
2655,2009-03-26,1816.34
2656,2009-03-25,1835.93
2657,2009-03-24,1874.59
2658,2009-03-23,1903.86
2659,2009-03-20,1923.3
2660,2009-03-19,1884.6
2661,2009-03-18,1849.37
2662,2009-03-17,1830.35
2663,2009-03-16,1856.44
2664,2009-03-13,1922.63
2665,2009-03-12,1909.95
2666,2009-03-11,1872.94
2667,2009-03-10,1926.84
2668,2009-03-09,1957.15
2669,2009-03-06,1968.5
2670,2009-03-05,1972.2
2671,2009-03-04,1943.4
2672,2009-03-03,1965.34
2673,2009-03-02,1979.78
2674,2009-02-27,1936.95
2675,2009-02-26,1926.63
2676,2009-02-25,1951.17
2677,2009-02-24,1929.9
2678,2009-02-23,1920.76
2679,2009-02-20,1898.82
2680,2009-02-19,1873.32
2681,2009-02-18,1847.77
2682,2009-02-17,1844.42
2683,2009-02-16,1819.13
2684,2009-02-13,1811.42
2685,2009-02-12,1806.59
2686,2009-02-11,1804.15
2687,2009-02-10,1788.77
2688,2009-02-09,1782.27
2689,2009-02-06,1763.94
2690,2009-02-05,1771.62
2691,2009-02-04,1797.49
2692,2009-02-03,1788.13
2693,2009-02-02,1772.27
2694,2009-01-30,1779.14
2695,2009-01-29,1797.13
2696,2009-01-28,1827.69
2697,2009-01-23,1783.49
2698,2009-01-22,1791.63
2699,2009-01-21,1774.99
2700,2009-01-20,1779.62
2701,2009-01-19,1821.14
2702,2009-01-16,1795.2
2703,2009-01-15,1820.09
2704,2009-01-14,1790.21
2705,2009-01-13,1796.51
2706,2009-01-12,1808.93
2707,2009-01-09,1826.28
2708,2009-01-08,1807.52
2709,2009-01-07,1756.02
2710,2009-01-06,1755.86
2711,2009-01-05,1814.89
2712,2009-01-02,1848.84
2713,2008-12-31,1847.76
2714,2008-12-30,1867.59
2715,2008-12-29,1829.33
2716,2008-12-26,1832.67
2717,2008-12-24,1833.47
2718,2008-12-23,1895.6
2719,2008-12-22,1850.47
2720,2008-12-19,1837.22
2721,2008-12-18,1864.87
2722,2008-12-17,1859.57
2723,2008-12-16,1865.53
2724,2008-12-15,1842.62
2725,2008-12-12,1826.64
2726,2008-12-11,1785.07
2727,2008-12-10,1808.87
2728,2008-12-09,1858.07
2729,2008-12-08,1872.5
2730,2008-12-05,1885.39
2731,2008-12-04,1868.41
2732,2008-12-03,1866.9
2733,2008-12-02,1843.93
2734,2008-12-01,1831.35
2735,2008-11-28,1893.56
2736,2008-11-27,1907.21
2737,2008-11-26,1911.63
2738,2008-11-25,1934.96
2739,2008-11-24,1908.9
2740,2008-11-21,1885.77
2741,2008-11-20,1875.0
2742,2008-11-19,1828.38
2743,2008-11-18,1811.34
2744,2008-11-17,1773.25
2745,2008-11-14,1775.38
2746,2008-11-13,1727.49
2747,2008-11-12,1704.1
2748,2008-11-11,1717.09
2749,2008-11-10,1706.91
2750,2008-11-07,1693.97
2751,2008-11-06,1711.43
2752,2008-11-05,1623.65
2753,2008-11-04,1616.51
2754,2008-11-03,1617.65
2755,2008-10-31,1650.15
2756,2008-10-30,1671.78
2757,2008-10-29,1802.69
2758,2008-10-28,1833.53
2759,2008-10-27,1810.27
2760,2008-10-24,1813.68
2761,2008-10-23,1806.79
2762,2008-10-22,1753.91
2763,2008-10-21,1757.22
2764,2008-10-20,1773.94
2765,2008-10-17,1760.25
2766,2008-10-16,1811.04
2767,2008-10-15,1691.85
2768,2008-10-14,1645.07
2769,2008-10-13,1686.52
2770,2008-10-10,1750.61
2771,2008-10-09,1890.62
2772,2008-10-08,1904.18
2773,2008-10-07,1775.79
2774,2008-10-06,1729.03
2775,2008-10-02,1701.89
2776,2008-10-01,1677.11
2777,2008-09-30,1733.25
2778,2008-09-29,1699.29
2779,2008-09-26,1700.73
2780,2008-09-25,1699.58
2781,2008-09-24,1694.81
2782,2008-09-23,1682.84
2783,2008-09-22,1658.88
2784,2008-09-19,1613.57
2785,2008-09-18,1644.78
2786,2008-09-17,1596.42
2787,2008-09-16,1656.05
2788,2008-09-12,1561.8
2789,2008-09-11,1545.25
2790,2008-09-10,1546.76
2791,2008-09-09,1555.48
2792,2008-09-08,1553.52
2793,2008-09-05,1600.41
2794,2008-09-04,1636.64
2795,2008-09-03,1657.29
2796,2008-09-02,1644.87
2797,2008-09-01,1634.83
2798,2008-08-29,1606.28
2799,2008-08-28,1597.39
2800,2008-08-27,1596.01
2801,2008-08-26,1599.78
2802,2008-08-25,1589.65
2803,2008-08-22,1581.21
2804,2008-08-21,1559.92
2805,2008-08-20,1548.03
2806,2008-08-19,1536.95
2807,2008-08-18,1544.49
2808,2008-08-14,1551.17
2809,2008-08-13,1554.73
2810,2008-08-12,1541.7
2811,2008-08-11,1553.94
2812,2008-08-08,1559.32
2813,2008-08-07,1572.32
2814,2008-08-06,1575.97
2815,2008-08-05,1579.07
2816,2008-08-04,1584.8
2817,2008-08-01,1579.83
2818,2008-07-31,1581.91
2819,2008-07-30,1580.05
2820,2008-07-29,1588.86
2821,2008-07-28,1579.42
2822,2008-07-25,1586.0
2823,2008-07-24,1579.43
2824,2008-07-23,1597.95
2825,2008-07-22,1619.51
2826,2008-07-21,1617.95
2827,2008-07-18,1607.68
2828,2008-07-17,1605.29
2829,2008-07-16,1605.8
2830,2008-07-15,1613.26
2831,2008-07-14,1594.7
2832,2008-07-11,1582.13
2833,2008-07-10,1578.3
2834,2008-07-09,1580.0
2835,2008-07-08,1620.31
2836,2008-07-07,1630.05
2837,2008-07-04,1649.65
2838,2008-07-03,1660.3
2839,2008-07-02,1649.9
2840,2008-07-01,1647.98
2841,2008-06-30,1653.2
2842,2008-06-27,1641.94
2843,2008-06-26,1623.85
2844,2008-06-25,1615.65
2845,2008-06-24,1611.13
2846,2008-06-23,1620.52
2847,2008-06-20,1599.58
2848,2008-06-19,1596.69
2849,2008-06-18,1599.59
2850,2008-06-17,1590.6
2851,2008-06-16,1599.0
2852,2008-06-13,1607.26
2853,2008-06-12,1596.9
2854,2008-06-11,1596.81
2855,2008-06-10,1596.66
2856,2008-06-09,1633.86
2857,2008-06-05,1580.18
2858,2008-06-04,1571.73
2859,2008-06-03,1584.33
2860,2008-06-02,1590.83
2861,2008-05-30,1594.49
2862,2008-05-29,1607.47
2863,2008-05-28,1631.1
2864,2008-05-27,1640.99
2865,2008-05-26,1653.48
2866,2008-05-23,1646.62
2867,2008-05-22,1646.92
2868,2008-05-21,1632.97
2869,2008-05-20,1629.68
2870,2008-05-19,1625.31
2871,2008-05-16,1610.74
2872,2008-05-15,1624.4
2873,2008-05-14,1620.4
2874,2008-05-13,1621.65
2875,2008-05-09,1616.15
2876,2008-05-08,1606.66
2877,2008-05-07,1590.97
2878,2008-05-06,1575.16
2879,2008-05-02,1564.02
2880,2008-04-30,1564.76
2881,2008-04-29,1557.96
2882,2008-04-28,1558.68
2883,2008-04-25,1555.25
2884,2008-04-24,1579.35
2885,2008-04-23,1584.72
2886,2008-04-22,1586.12
2887,2008-04-21,1573.01
2888,2008-04-18,1592.18
2889,2008-04-17,1586.74
2890,2008-04-16,1567.86
2891,2008-04-15,1564.53
2892,2008-04-14,1544.99
2893,2008-04-11,1546.29
2894,2008-04-10,1545.48
2895,2008-04-08,1539.31
2896,2008-04-07,1525.43
2897,2008-04-04,1528.09
2898,2008-04-03,1523.4
2899,2008-04-02,1522.68
2900,2008-04-01,1542.89
2901,2008-03-31,1563.35
2902,2008-03-28,1564.97
2903,2008-03-27,1558.75
2904,2008-03-26,1539.41
2905,2008-03-25,1518.26
2906,2008-03-24,1533.69
2907,2008-03-21,1548.79
2908,2008-03-20,1574.09
2909,2008-03-19,1584.79
2910,2008-03-18,1599.38
2911,2008-03-17,1622.53
2912,2008-03-14,1557.08
2913,2008-03-13,1529.6
2914,2008-03-12,1491.82
2915,2008-03-11,1488.47
2916,2008-03-10,1485.5
2917,2008-03-07,1476.85
2918,2008-03-06,1452.32
2919,2008-03-05,1439.42
2920,2008-03-04,1438.42
2921,2008-03-03,1441.18
2922,2008-02-29,1428.59
2923,2008-02-28,1414.12
2924,2008-02-27,1416.02
2925,2008-02-26,1403.33
2926,2008-02-25,1404.22
2927,2008-02-22,1404.54
2928,2008-02-21,1396.99
2929,2008-02-20,1392.51
2930,2008-02-19,1388.48
2931,2008-02-18,1387.7
2932,2008-02-15,1385.33
2933,2008-02-14,1377.77
2934,2008-02-13,1378.08
2935,2008-02-12,1375.56
2936,2008-02-11,1376.92
2937,2008-02-05,1395.6
2938,2008-02-04,1396.66
2939,2008-02-01,1403.84
2940,2008-01-31,1404.81
2941,2008-01-30,1396.08
2942,2008-01-29,1395.68
2943,2008-01-28,1395.26
2944,2008-01-25,1397.79
2945,2008-01-24,1386.79
2946,2008-01-23,1395.38
2947,2008-01-22,1372.62
2948,2008-01-21,1379.78
2949,2008-01-18,1380.16
2950,2008-01-17,1387.57
2951,2008-01-16,1393.42
2952,2008-01-15,1393.26
2953,2008-01-14,1393.77
2954,2008-01-11,1386.99
2955,2008-01-10,1375.83
2956,2008-01-09,1381.17
2957,2008-01-08,1383.59
2958,2008-01-07,1379.71
2959,2008-01-04,1381.94
2960,2008-01-03,1379.61
2961,2008-01-02,1373.5
2962,2007-12-31,1374.23
2963,2007-12-28,1370.45
2964,2007-12-27,1363.94
2965,2007-12-26,1353.76
2966,2007-12-24,1351.14
2967,2007-12-21,1354.14
2968,2007-12-20,1356.1
2969,2007-12-18,1354.05
2970,2007-12-17,1346.9
2971,2007-12-14,1363.06
2972,2007-12-13,1360.68
2973,2007-12-12,1362.79
2974,2007-12-11,1360.87
2975,2007-12-10,1352.89
2976,2007-12-07,1343.69
2977,2007-12-06,1345.34
2978,2007-12-05,1361.31
2979,2007-12-04,1355.15
2980,2007-12-03,1357.9
2981,2007-11-30,1358.81
2982,2007-11-29,1376.8
2983,2007-11-28,1377.07
2984,2007-11-27,1380.29
2985,2007-11-26,1380.29
2986,2007-11-23,1386.59
2987,2007-11-22,1385.93
2988,2007-11-21,1378.49
2989,2007-11-20,1356.37
2990,2007-11-19,1347.53
2991,2007-11-16,1340.96
2992,2007-11-15,1345.33
2993,2007-11-14,1339.19
2994,2007-11-13,1343.6
2995,2007-11-12,1334.6
2996,2007-11-09,1334.17
2997,2007-11-08,1329.77
2998,2007-11-07,1326.53
2999,2007-11-06,1317.58
3000,2007-11-05,1315.69
3001,2007-11-02,1310.94
3002,2007-11-01,1307.51
3003,2007-10-31,1302.05
3004,2007-10-30,1304.99
3005,2007-10-29,1308.44
3006,2007-10-26,1307.07
3007,2007-10-25,1307.53
3008,2007-10-24,1304.06
3009,2007-10-23,1303.56
3010,2007-10-22,1314.43
3011,2007-10-19,1309.14
3012,2007-10-18,1308.14
3013,2007-10-17,1302.66
3014,2007-10-16,1300.1
3015,2007-10-15,1300.62
3016,2007-10-12,1302.88
3017,2007-10-11,1301.0
3018,2007-10-10,1293.54
3019,2007-10-09,1290.03
3020,2007-10-08,1291.42
3021,2007-10-05,1295.11
3022,2007-10-04,1292.54
3023,2007-10-02,1297.28
3024,2007-10-01,1300.47
3025,2007-09-28,1296.84
3026,2007-09-27,1302.22
3027,2007-09-21,1297.92
3028,2007-09-20,1295.11
3029,2007-09-19,1294.6
3030,2007-09-18,1288.37
3031,2007-09-17,1286.9
3032,2007-09-14,1289.04
3033,2007-09-13,1295.25
3034,2007-09-12,1292.82
3035,2007-09-11,1290.88
3036,2007-09-10,1294.46
3037,2007-09-07,1282.81
3038,2007-09-06,1281.91
3039,2007-09-05,1273.28
3040,2007-09-04,1278.16
3041,2007-09-03,1279.27
3042,2007-08-31,1282.47
3043,2007-08-30,1282.84
3044,2007-08-29,1281.44
3045,2007-08-28,1282.03
3046,2007-08-27,1283.54
3047,2007-08-24,1277.7
3048,2007-08-23,1276.15
3049,2007-08-22,1273.82
3050,2007-08-21,1271.37
3051,2007-08-20,1272.3
3052,2007-08-17,1274.39
3053,2007-08-16,1269.75
3054,2007-08-14,1268.2
3055,2007-08-13,1270.3
3056,2007-08-10,1275.12
3057,2007-08-09,1271.29
3058,2007-08-08,1268.74
3059,2007-08-07,1274.06
3060,2007-08-06,1275.95
3061,2007-08-03,1264.93
3062,2007-08-02,1260.82
3063,2007-08-01,1263.41
3064,2007-07-31,1259.99
3065,2007-07-30,1260.21
3066,2007-07-27,1263.56
3067,2007-07-26,1259.04
3068,2007-07-25,1262.14
3069,2007-07-24,1263.19
3070,2007-07-23,1265.54
3071,2007-07-20,1263.43
3072,2007-07-19,1264.63
3073,2007-07-18,1265.59
3074,2007-07-16,1265.56
3075,2007-07-13,1262.66
3076,2007-07-12,1264.59
3077,2007-07-11,1263.81
3078,2007-07-10,1252.67
3079,2007-07-09,1254.73
3080,2007-07-06,1250.1
3081,2007-07-05,1255.4
3082,2007-07-04,1253.55
3083,2007-07-03,1251.51
3084,2007-07-02,1250.65
3085,2007-06-29,1242.6
3086,2007-06-28,1248.53
3087,2007-06-27,1246.18
3088,2007-06-26,1245.97
3089,2007-06-25,1245.91
3090,2007-06-22,1245.12
3091,2007-06-21,1239.86
3092,2007-06-20,1245.66
3093,2007-06-19,1245.62
3094,2007-06-18,1244.29
3095,2007-06-15,1237.12
3096,2007-06-14,1236.49
3097,2007-06-13,1239.55
3098,2007-06-12,1241.44
3099,2007-06-11,1244.89
3100,2007-06-08,1249.96
3101,2007-06-07,1251.55
3102,2007-06-05,1251.54
3103,2007-06-04,1247.74
3104,2007-06-01,1248.33
3105,2007-05-31,1246.74
3106,2007-05-30,1251.08
3107,2007-05-29,1246.79
3108,2007-05-28,1249.98
3109,2007-05-25,1247.26
3110,2007-05-23,1253.01
3111,2007-05-22,1253.71
3112,2007-05-21,1256.51
3113,2007-05-18,1261.04
3114,2007-05-17,1256.55
3115,2007-05-16,1257.38
3116,2007-05-15,1252.75
3117,2007-05-14,1250.86
3118,2007-05-11,1249.51
3119,2007-05-10,1254.07
3120,2007-05-09,1251.16
3121,2007-05-08,1256.2
3122,2007-05-07,1255.29
3123,2007-05-04,1259.12
3124,2007-05-03,1261.51
3125,2007-05-02,1263.22
3126,2007-04-30,1266.63
3127,2007-04-27,1263.25
3128,2007-04-26,1267.99
3129,2007-04-25,1264.76
3130,2007-04-24,1258.06
3131,2007-04-23,1258.19
3132,2007-04-20,1264.55
3133,2007-04-19,1261.4
3134,2007-04-18,1262.35
3135,2007-04-17,1258.42
3136,2007-04-16,1262.96
3137,2007-04-13,1256.46
3138,2007-04-12,1255.23
3139,2007-04-11,1252.13
3140,2007-04-10,1253.48
3141,2007-04-09,1246.58
3142,2007-04-06,1250.7
3143,2007-04-05,1247.01
3144,2007-04-04,1248.84
3145,2007-04-03,1252.41
3146,2007-04-02,1251.39
3147,2007-03-30,1255.82
3148,2007-03-29,1253.22
3149,2007-03-28,1253.7
3150,2007-03-27,1254.41
3151,2007-03-26,1245.65
3152,2007-03-23,1250.88
3153,2007-03-22,1255.61
3154,2007-03-21,1249.23
3155,2007-03-20,1252.93
3156,2007-03-19,1254.93
3157,2007-03-16,1256.87
3158,2007-03-15,1248.91
3159,2007-03-14,1249.97
3160,2007-03-13,1244.32
3161,2007-03-12,1238.62
3162,2007-03-09,1244.05
3163,2007-03-08,1248.95
3164,2007-03-07,1244.98
3165,2007-03-06,1241.39
3166,2007-03-05,1250.52
3167,2007-03-02,1242.21
3168,2007-02-28,1244.12
3169,2007-02-27,1236.87
3170,2007-02-26,1236.92
3171,2007-02-23,1230.69
3172,2007-02-22,1232.87
3173,2007-02-21,1233.66
3174,2007-02-20,1236.66
3175,2007-02-16,1229.87
3176,2007-02-15,1229.26
3177,2007-02-14,1223.43
3178,2007-02-13,1218.91
3179,2007-02-12,1221.79
3180,2007-02-09,1218.44
3181,2007-02-08,1217.78
3182,2007-02-07,1211.48
3183,2007-02-06,1205.03
3184,2007-02-05,1210.55
3185,2007-02-02,1219.95
3186,2007-02-01,1221.32
3187,2007-01-31,1219.59
3188,2007-01-30,1222.05
3189,2007-01-29,1213.43
3190,2007-01-26,1215.69
3191,2007-01-25,1213.8
3192,2007-01-24,1218.86
3193,2007-01-23,1217.22
3194,2007-01-22,1219.22
3195,2007-01-19,1216.16
3196,2007-01-18,1214.0
3197,2007-01-17,1211.63
3198,2007-01-16,1211.98
3199,2007-01-15,1213.8
3200,2007-01-12,1213.73
3201,2007-01-11,1217.38
3202,2007-01-10,1217.83
3203,2007-01-09,1223.71
3204,2007-01-08,1220.6
3205,2007-01-05,1222.77
3206,2007-01-04,1226.34
3207,2007-01-03,1229.95
3208,2007-01-02,1225.65
3209,2006-12-29,1224.08
3210,2006-12-28,1218.97
3211,2006-12-27,1225.13
3212,2006-12-26,1220.77
3213,2006-12-22,1225.57
3214,2006-12-21,1222.92
3215,2006-12-20,1225.39
3216,2006-12-19,1220.27
3217,2006-12-18,1214.22
3218,2006-12-15,1213.92
3219,2006-12-14,1217.53
3220,2006-12-13,1224.84
3221,2006-12-12,1223.32
3222,2006-12-11,1219.49
3223,2006-12-08,1222.89
3224,2006-12-07,1216.22
3225,2006-12-06,1221.92
3226,2006-12-05,1232.74
3227,2006-12-04,1235.19
3228,2006-12-01,1231.97
3229,2006-11-30,1224.8
3230,2006-11-29,1228.82
3231,2006-11-28,1222.23
3232,2006-11-27,1222.16
3233,2006-11-24,1209.03
3234,2006-11-23,1203.69
3235,2006-11-22,1201.16
3236,2006-11-21,1199.03
3237,2006-11-20,1201.43
3238,2006-11-17,1199.79
3239,2006-11-16,1202.25
3240,2006-11-15,1205.78
3241,2006-11-14,1201.83
3242,2006-11-13,1203.29
3243,2006-11-10,1200.6
3244,2006-11-09,1195.29
3245,2006-11-08,1195.28
3246,2006-11-07,1197.78
3247,2006-11-06,1197.79
3248,2006-11-03,1197.39
3249,2006-11-02,1197.32
3250,2006-11-01,1198.43
3251,2006-10-31,1198.23
3252,2006-10-30,1202.29
3253,2006-10-27,1200.8
3254,2006-10-26,1201.78
3255,2006-10-25,1200.77
3256,2006-10-24,1201.89
3257,2006-10-23,1208.42
3258,2006-10-20,1208.81
3259,2006-10-19,1201.25
3260,2006-10-18,1199.12
3261,2006-10-17,1195.61
3262,2006-10-16,1195.52
3263,2006-10-13,1200.88
3264,2006-10-12,1200.7
3265,2006-10-11,1201.3
3266,2006-10-10,1209.26
3267,2006-10-09,1213.94
3268,2006-10-04,1208.77
3269,2006-10-02,1200.61
3270,2006-09-29,1200.44
3271,2006-09-28,1202.23
3272,2006-09-27,1196.89
3273,2006-09-26,1203.67
3274,2006-09-25,1209.74
3275,2006-09-22,1212.13
3276,2006-09-21,1200.21
3277,2006-09-20,1205.42
3278,2006-09-19,1209.96
3279,2006-09-18,1212.65
3280,2006-09-15,1216.51
3281,2006-09-14,1215.32
3282,2006-09-13,1217.64
3283,2006-09-12,1220.36
3284,2006-09-11,1214.21
3285,2006-09-08,1217.27
3286,2006-09-07,1225.24
3287,2006-09-06,1226.78
3288,2006-09-05,1228.18
3289,2006-09-04,1231.19
3290,2006-09-01,1230.4
3291,2006-08-31,1234.37
3292,2006-08-30,1233.48
3293,2006-08-29,1232.77
3294,2006-08-28,1233.82
3295,2006-08-25,1227.67
3296,2006-08-24,1226.05
3297,2006-08-23,1224.54
3298,2006-08-22,1231.81
3299,2006-08-21,1232.87
3300,2006-08-18,1230.55
3301,2006-08-17,1235.27
3302,2006-08-16,1234.3
3303,2006-08-14,1232.36
3304,2006-08-11,1228.76
3305,2006-08-10,1235.31
3306,2006-08-09,1232.09
3307,2006-08-08,1236.81
3308,2006-08-07,1238.87
3309,2006-08-04,1234.46
3310,2006-08-03,1233.1
3311,2006-08-02,1233.86
3312,2006-08-01,1216.89
3313,2006-07-31,1218.74
3314,2006-07-28,1210.79
3315,2006-07-27,1212.25
3316,2006-07-26,1200.89
3317,2006-07-25,1205.2
3318,2006-07-24,1202.85
3319,2006-07-21,1203.3
3320,2006-07-20,1199.01
3321,2006-07-19,1197.76
3322,2006-07-18,1202.08
3323,2006-07-14,1207.32
3324,2006-07-13,1206.81
3325,2006-07-12,1212.09
3326,2006-07-11,1203.38
3327,2006-07-10,1205.01
3328,2006-07-07,1211.23
3329,2006-07-06,1210.04
3330,2006-07-05,1208.75
3331,2006-07-04,1209.34
3332,2006-07-03,1208.53
3333,2006-06-30,1205.48
3334,2006-06-29,1205.14
3335,2006-06-28,1204.4
3336,2006-06-27,1207.9
3337,2006-06-26,1203.53
3338,2006-06-23,1203.25
3339,2006-06-22,1209.54
3340,2006-06-21,1206.79
3341,2006-06-20,1204.65
3342,2006-06-19,1211.81
3343,2006-06-16,1209.56
3344,2006-06-15,1211.46
3345,2006-06-14,1210.2
3346,2006-06-13,1209.66
3347,2006-06-12,1208.92
3348,2006-06-09,1208.08
3349,2006-06-08,1218.16
3350,2006-06-07,1212.84
3351,2006-06-05,1220.81
3352,2006-06-02,1214.29
3353,2006-06-01,1209.89
3354,2006-05-30,1216.51
3355,2006-05-29,1207.18
3356,2006-05-26,1209.61
3357,2006-05-25,1214.09
3358,2006-05-24,1217.14
3359,2006-05-23,1212.91
3360,2006-05-22,1209.99
3361,2006-05-19,1212.4
3362,2006-05-18,1207.05
3363,2006-05-17,1206.45
3364,2006-05-16,1210.79
3365,2006-05-15,1218.0
3366,2006-05-12,1200.85
3367,2006-05-11,1191.21
3368,2006-05-10,1188.96
3369,2006-05-09,1180.38
3370,2006-05-08,1183.01
3371,2006-05-04,1183.71
3372,2006-05-03,1182.64
3373,2006-05-02,1181.05
3374,2006-04-28,1182.74
3375,2006-04-27,1176.78
3376,2006-04-26,1175.36
3377,2006-04-25,1170.6
3378,2006-04-24,1165.73
3379,2006-04-21,1166.02
3380,2006-04-20,1170.07
3381,2006-04-19,1168.86
3382,2006-04-18,1168.02
3383,2006-04-17,1164.02
3384,2006-04-14,1160.53
3385,2006-04-13,1165.34
3386,2006-04-12,1166.79
3387,2006-04-11,1157.86
3388,2006-04-10,1155.48
3389,2006-04-07,1162.43
3390,2006-04-06,1172.29
3391,2006-04-05,1174.51
3392,2006-04-04,1167.78
3393,2006-04-03,1169.33
3394,2006-03-31,1179.43
3395,2006-03-30,1177.08
3396,2006-03-29,1171.97
3397,2006-03-28,1174.21
3398,2006-03-27,1174.74
3399,2006-03-24,1172.79
3400,2006-03-23,1176.96
3401,2006-03-22,1177.76
3402,2006-03-21,1175.54
3403,2006-03-20,1176.19
3404,2006-03-17,1181.85
3405,2006-03-16,1174.58
3406,2006-03-15,1172.2
3407,2006-03-14,1169.86
3408,2006-03-13,1170.89
3409,2006-03-10,1167.71
3410,2006-03-09,1171.76
3411,2006-03-08,1168.6
3412,2006-03-07,1169.19
3413,2006-03-06,1176.41
3414,2006-03-03,1167.79
3415,2006-03-02,1156.23
3416,2006-02-28,1151.58
3417,2006-02-27,1149.04
3418,2006-02-24,1152.24
3419,2006-02-23,1154.3
3420,2006-02-22,1161.9
3421,2006-02-21,1155.25
3422,2006-02-20,1157.64
3423,2006-02-17,1156.66
3424,2006-02-16,1158.41
3425,2006-02-15,1160.52
3426,2006-02-14,1155.34
3427,2006-02-13,1163.17
3428,2006-02-10,1160.59
3429,2006-02-09,1165.61
3430,2006-02-08,1163.5
3431,2006-02-07,1159.81
3432,2006-02-06,1157.05
3433,2006-02-03,1173.29
3434,2006-02-02,1171.84
3435,2006-02-01,1168.86
3436,2006-01-31,1166.59
3437,2006-01-27,1185.35
3438,2006-01-26,1187.22
3439,2006-01-25,1189.23
3440,2006-01-24,1199.28
3441,2006-01-23,1200.91
3442,2006-01-20,1191.96
3443,2006-01-19,1191.75
3444,2006-01-18,1198.75
3445,2006-01-17,1199.09
3446,2006-01-16,1193.34
3447,2006-01-13,1191.48
3448,2006-01-12,1183.7
3449,2006-01-11,1187.65
3450,2006-01-10,1184.51
3451,2006-01-09,1185.81
3452,2006-01-06,1194.71
3453,2006-01-05,1195.03
3454,2006-01-04,1203.77
3455,2006-01-03,1194.31
3456,2006-01-02,1192.67
3457,2005-12-30,1194.05
3458,2005-12-29,1199.76
3459,2005-12-28,1202.36
3460,2005-12-27,1198.9
3461,2005-12-26,1198.98
3462,2005-12-23,1203.43
3463,2005-12-22,1203.01
3464,2005-12-21,1209.33
3465,2005-12-20,1219.19
3466,2005-12-19,1223.38
3467,2005-12-16,1216.49
3468,2005-12-15,1215.58
3469,2005-12-14,1219.98
3470,2005-12-13,1226.89
3471,2005-12-12,1223.9
3472,2005-12-09,1220.61
3473,2005-12-08,1212.21
3474,2005-12-07,1218.04
3475,2005-12-06,1218.7
3476,2005-12-05,1212.59
3477,2005-12-02,1217.33
3478,2005-12-01,1219.39
3479,2005-11-30,1218.5
3480,2005-11-29,1225.32
3481,2005-11-28,1215.56
3482,2005-11-25,1225.6
3483,2005-11-24,1224.62
3484,2005-11-23,1227.16
3485,2005-11-22,1225.83
3486,2005-11-21,1224.3
3487,2005-11-18,1214.1
3488,2005-11-17,1209.05
3489,2005-11-16,1214.57
3490,2005-11-15,1209.33
3491,2005-11-14,1220.58
3492,2005-11-11,1218.54
3493,2005-11-10,1229.4
3494,2005-11-09,1231.46
3495,2005-11-08,1230.09
3496,2005-11-07,1239.25
3497,2005-11-04,1251.51
3498,2005-11-03,1258.89
3499,2005-11-02,1250.1
3500,2005-11-01,1248.88
3501,2005-10-31,1254.9
3502,2005-10-28,1266.19
3503,2005-10-27,1262.71
3504,2005-10-26,1262.36
3505,2005-10-25,1261.04
3506,2005-10-24,1264.54
3507,2005-10-21,1274.77
3508,2005-10-20,1265.27
3509,2005-10-19,1253.63
3510,2005-10-18,1260.3
3511,2005-10-17,1265.87
3512,2005-10-14,1255.88
3513,2005-10-13,1257.55
3514,2005-10-12,1247.0
3515,2005-10-11,1252.85
3516,2005-10-10,1259.7
3517,2005-10-07,1261.86
3518,2005-10-06,1257.47
3519,2005-10-05,1242.24
3520,2005-10-04,1241.91
3521,2005-09-30,1252.01
3522,2005-09-29,1251.45
3523,2005-09-28,1248.7
3524,2005-09-27,1243.27
3525,2005-09-26,1244.95
3526,2005-09-23,1249.55
3527,2005-09-22,1256.65
3528,2005-09-21,1257.39
3529,2005-09-20,1252.63
3530,2005-09-16,1263.37
3531,2005-09-15,1251.36
3532,2005-09-14,1258.54
3533,2005-09-13,1260.48
3534,2005-09-12,1264.73
3535,2005-09-09,1275.66
3536,2005-09-08,1277.1
3537,2005-09-07,1284.76
3538,2005-09-06,1277.56
3539,2005-09-05,1283.03
3540,2005-09-02,1284.03
3541,2005-09-01,1278.55
3542,2005-08-31,1269.65
3543,2005-08-30,1264.41
3544,2005-08-29,1273.02
3545,2005-08-26,1267.67
3546,2005-08-25,1261.06
3547,2005-08-24,1252.68
3548,2005-08-23,1254.72
3549,2005-08-22,1245.94
3550,2005-08-19,1248.24
3551,2005-08-18,1249.7
3552,2005-08-17,1251.63
3553,2005-08-16,1256.65
3554,2005-08-12,1264.21
3555,2005-08-11,1258.15
3556,2005-08-10,1257.42
3557,2005-08-09,1257.21
3558,2005-08-08,1252.93
3559,2005-08-05,1255.82
3560,2005-08-04,1248.11
3561,2005-08-03,1241.11
3562,2005-08-02,1246.42
3563,2005-08-01,1248.23
3564,2005-07-29,1245.2
3565,2005-07-28,1240.68
3566,2005-07-27,1237.2
3567,2005-07-26,1238.34
3568,2005-07-25,1231.33
3569,2005-07-22,1243.62
3570,2005-07-21,1258.96
3571,2005-07-20,1259.31
3572,2005-07-19,1249.54
3573,2005-07-18,1248.18
3574,2005-07-15,1264.9
3575,2005-07-14,1245.38
3576,2005-07-13,1266.37
3577,2005-07-12,1265.07
3578,2005-07-11,1253.9
3579,2005-07-08,1259.59
3580,2005-07-07,1255.21
3581,2005-07-06,1250.97
3582,2005-07-05,1251.17
3583,2005-07-04,1246.86
3584,2005-07-01,1242.12
3585,2005-06-30,1240.43
3586,2005-06-29,1238.3
3587,2005-06-28,1238.98
3588,2005-06-27,1232.17
3589,2005-06-24,1218.85
3590,2005-06-23,1223.83
3591,2005-06-22,1229.99
3592,2005-06-21,1231.28
3593,2005-06-20,1233.23
3594,2005-06-17,1223.57
3595,2005-06-16,1225.76
3596,2005-06-15,1219.9
3597,2005-06-14,1228.26
3598,2005-06-13,1224.96
3599,2005-06-10,1230.38
3600,2005-06-09,1228.74
3601,2005-06-08,1239.63
3602,2005-06-07,1237.22
3603,2005-06-03,1240.6
3604,2005-06-02,1237.64
3605,2005-06-01,1246.4
3606,2005-05-31,1250.3
3607,2005-05-30,1257.34
3608,2005-05-27,1256.03
3609,2005-05-26,1258.94
3610,2005-05-25,1259.56
3611,2005-05-24,1259.21
3612,2005-05-23,1262.23
3613,2005-05-20,1270.57
3614,2005-05-19,1273.84
3615,2005-05-18,1267.96
3616,2005-05-17,1269.29
3617,2005-05-16,1272.35
3618,2005-05-13,1269.37
3619,2005-05-12,1276.42
3620,2005-05-11,1288.06
3621,2005-05-10,1282.44
3622,2005-05-09,1281.72
3623,2005-05-06,1291.61
3624,2005-05-04,1296.14
3625,2005-05-03,1286.95
3626,2005-05-02,1287.29
3627,2005-04-29,1290.65
3628,2005-04-28,1297.36
3629,2005-04-27,1295.62
3630,2005-04-26,1299.97
3631,2005-04-25,1301.87
3632,2005-04-22,1310.12
3633,2005-04-21,1319.43
3634,2005-04-20,1319.24
3635,2005-04-19,1320.6
3636,2005-04-18,1319.7
3637,2005-04-15,1308.8
3638,2005-04-14,1309.5
3639,2005-04-13,1307.46
3640,2005-04-12,1315.94
3641,2005-04-11,1313.0
3642,2005-04-08,1302.07
3643,2005-04-07,1307.64
3644,2005-04-06,1305.13
3645,2005-04-04,1307.46
3646,2005-04-01,1306.52
3647,2005-03-31,1312.74
3648,2005-03-30,1326.59
3649,2005-03-29,1320.14
3650,2005-03-28,1313.5
3651,2005-03-25,1313.65
3652,2005-03-24,1316.88
3653,2005-03-23,1319.39
3654,2005-03-22,1329.38
3655,2005-03-21,1338.14
3656,2005-03-18,1344.15
3657,2005-03-17,1341.34
3658,2005-03-16,1336.76
3659,2005-03-15,1341.78
3660,2005-03-14,1345.58
3661,2005-03-11,1343.4
3662,2005-03-10,1342.9
3663,2005-03-09,1336.6
3664,2005-03-08,1329.09
3665,2005-03-07,1329.29
3666,2005-03-04,1322.25
3667,2005-03-03,1321.88
3668,2005-03-02,1326.41
3669,2005-02-28,1335.26
3670,2005-02-25,1330.92
3671,2005-02-24,1333.21
3672,2005-02-23,1329.03
3673,2005-02-22,1326.06
3674,2005-02-21,1336.61
3675,2005-02-18,1339.52
3676,2005-02-17,1338.41
3677,2005-02-16,1336.11
3678,2005-02-15,1332.6
3679,2005-02-14,1326.99
3680,2005-02-11,1330.55
3681,2005-02-07,1319.28
3682,2005-02-04,1332.3
3683,2005-02-03,1335.5
3684,2005-02-02,1344.16
3685,2005-02-01,1342.72
3686,2005-01-31,1335.82
3687,2005-01-28,1336.14
3688,2005-01-27,1346.51
3689,2005-01-26,1339.53
3690,2005-01-25,1343.99
3691,2005-01-24,1349.09
3692,2005-01-21,1343.79
3693,2005-01-20,1345.3
3694,2005-01-19,1342.64
3695,2005-01-18,1351.07
3696,2005-01-17,1358.22
3697,2005-01-14,1368.78
3698,2005-01-13,1373.39
3699,2005-01-12,1367.34
3700,2005-01-11,1371.98
3701,2005-01-10,1378.32
3702,2005-01-07,1385.22
3703,2005-01-06,1401.67
3704,2005-01-05,1390.32
3705,2005-01-04,1398.61
3706,2005-01-03,1399.36
3707,2004-12-31,1412.15
3708,2004-12-30,1420.08
3709,2004-12-29,1419.72
3710,2004-12-28,1418.91
3711,2004-12-27,1418.29
3712,2004-12-24,1413.71
3713,2004-12-23,1410.72
3714,2004-12-22,1408.32
3715,2004-12-21,1414.11
3716,2004-12-20,1410.58
3717,2004-12-17,1407.04
3718,2004-12-16,1417.55
3719,2004-12-15,1412.4
3720,2004-12-14,1407.88
3721,2004-12-13,1408.37
3722,2004-12-10,1413.58
3723,2004-12-09,1406.19
3724,2004-12-08,1415.43
3725,2004-12-07,1401.85
3726,2004-12-06,1398.11
3727,2004-12-03,1388.89
3728,2004-12-02,1391.76
3729,2004-12-01,1394.11
3730,2004-11-30,1390.7
3731,2004-11-29,1388.95
3732,2004-11-26,1391.88
3733,2004-11-25,1394.34
3734,2004-11-24,1397.78
3735,2004-11-23,1384.58
3736,2004-11-22,1388.83
3737,2004-11-19,1386.32
3738,2004-11-18,1391.63
3739,2004-11-17,1404.09
3740,2004-11-16,1410.85
3741,2004-11-15,1417.09
3742,2004-11-12,1427.23
3743,2004-11-11,1433.22
3744,2004-11-10,1433.53
3745,2004-11-09,1426.27
3746,2004-11-08,1434.55
3747,2004-11-05,1430.88
3748,2004-11-04,1429.18
3749,2004-11-03,1420.92
3750,2004-11-02,1418.58
3751,2004-11-01,1431.09
3752,2004-10-29,1428.95
3753,2004-10-28,1432.91
3754,2004-10-27,1441.38
3755,2004-10-26,1452.13
3756,2004-10-25,1450.81
3757,2004-10-22,1441.14
3758,2004-10-21,1436.87
3759,2004-10-20,1430.79
3760,2004-10-19,1427.01
3761,2004-10-18,1428.13
3762,2004-10-15,1419.38
3763,2004-10-14,1415.17
3764,2004-10-13,1414.37
3765,2004-10-12,1413.48
3766,2004-10-11,1422.24
3767,2004-10-08,1416.05
3768,2004-10-07,1415.54
3769,2004-10-06,1418.15
3770,2004-10-05,1411.11
3771,2004-10-04,1421.94
3772,2004-10-01,1427.59
3773,2004-09-30,1421.15
3774,2004-09-24,1411.8
3775,2004-09-23,1407.54
3776,2004-09-22,1410.23
3777,2004-09-21,1397.27
3778,2004-09-20,1394.93
3779,2004-09-17,1397.58
3780,2004-09-16,1392.66
3781,2004-09-15,1400.38
3782,2004-09-14,1406.18
3783,2004-09-13,1404.57
3784,2004-09-10,1402.92
3785,2004-09-09,1395.88
3786,2004-09-08,1388.14
3787,2004-09-07,1390.86
3788,2004-09-06,1391.89
3789,2004-09-03,1399.26
3790,2004-09-02,1401.31
3791,2004-09-01,1401.85
3792,2004-08-31,1393.05
3793,2004-08-30,1387.59
3794,2004-08-27,1398.82
3795,2004-08-26,1394.82
3796,2004-08-25,1397.74
3797,2004-08-24,1404.02
3798,2004-08-23,1418.44
3799,2004-08-20,1427.75
3800,2004-08-19,1426.78
3801,2004-08-18,1429.13
3802,2004-08-17,1432.41
3803,2004-08-16,1432.88
3804,2004-08-13,1417.19
3805,2004-08-12,1417.61
3806,2004-08-11,1420.4
3807,2004-08-10,1418.34
3808,2004-08-09,1419.07
3809,2004-08-06,1403.61
3810,2004-08-05,1403.99
3811,2004-08-04,1404.51
3812,2004-08-03,1399.75
3813,2004-08-02,1404.63
3814,2004-07-30,1409.38
3815,2004-07-29,1409.9
3816,2004-07-28,1408.47
3817,2004-07-27,1414.53
3818,2004-07-26,1410.05
3819,2004-07-23,1426.96
3820,2004-07-22,1424.93
3821,2004-07-21,1428.93
3822,2004-07-20,1444.49
3823,2004-07-19,1439.7
3824,2004-07-16,1440.49
3825,2004-07-15,1433.6
3826,2004-07-14,1423.03
3827,2004-07-13,1421.5
3828,2004-07-12,1423.94
3829,2004-07-09,1427.78
3830,2004-07-08,1421.06
3831,2004-07-07,1422.26
3832,2004-07-06,1422.26
3833,2004-07-05,1421.51
3834,2004-07-02,1406.45
3835,2004-07-01,1403.3
3836,2004-06-30,1394.69
3837,2004-06-29,1402.09
3838,2004-06-28,1398.44
3839,2004-06-25,1397.47
3840,2004-06-24,1394.35
3841,2004-06-23,1413.69
3842,2004-06-22,1400.27
3843,2004-06-21,1403.6
3844,2004-06-18,1392.23
3845,2004-06-17,1391.54
3846,2004-06-16,1406.17
3847,2004-06-15,1403.76
3848,2004-06-14,1392.32
3849,2004-06-11,1395.87
3850,2004-06-10,1398.47
3851,2004-06-09,1413.55
3852,2004-06-08,1427.57
3853,2004-06-07,1429.18
3854,2004-06-04,1420.77
3855,2004-06-03,1423.13
3856,2004-06-02,1430.14
3857,2004-06-01,1421.74
3858,2004-05-31,1416.25
3859,2004-05-28,1431.2
3860,2004-05-27,1423.06
3861,2004-05-25,1419.72
3862,2004-05-24,1405.81
3863,2004-05-21,1411.89
3864,2004-05-20,1406.68
3865,2004-05-19,1409.61
3866,2004-05-18,1416.75
3867,2004-05-17,1417.83
3868,2004-05-14,1399.71
3869,2004-05-13,1406.24
3870,2004-05-12,1401.26
3871,2004-05-11,1411.34
3872,2004-05-10,1400.44
3873,2004-05-07,1411.18
3874,2004-05-06,1419.03
3875,2004-05-04,1398.26
3876,2004-05-03,1404.05
3877,2004-04-30,1402.56
3878,2004-04-29,1383.77
3879,2004-04-28,1374.73
3880,2004-04-27,1369.96
3881,2004-04-26,1363.59
3882,2004-04-23,1380.0
3883,2004-04-22,1369.49
3884,2004-04-21,1368.55
3885,2004-04-20,1374.08
3886,2004-04-19,1391.47
3887,2004-04-16,1392.0
3888,2004-04-14,1375.23
3889,2004-04-13,1370.23
3890,2004-04-12,1378.38
