,Date,JPYKRW
0,2019-12-05,1093.42
1,2019-12-04,1097.97
2,2019-12-03,1093.3
3,2019-12-02,1080.76
4,2019-11-29,1077.18
5,2019-11-28,1077.25
6,2019-11-27,1079.14
7,2019-11-26,1080.52
8,2019-11-25,1080.89
9,2019-11-22,1085.36
10,2019-11-21,1082.26
11,2019-11-20,1079.35
12,2019-11-19,1072.05
13,2019-11-18,1068.82
14,2019-11-15,1074.14
15,2019-11-14,1077.36
16,2019-11-13,1073.67
17,2019-11-12,1065.72
18,2019-11-11,1069.51
19,2019-11-08,1058.48
20,2019-11-07,1059.53
21,2019-11-06,1062.7
22,2019-11-05,1062.11
23,2019-11-04,1069.98
24,2019-11-01,1080.26
25,2019-10-31,1078.9
26,2019-10-30,1071.71
27,2019-10-29,1072.69
28,2019-10-28,1076.67
29,2019-10-25,1081.34
30,2019-10-24,1080.22
31,2019-10-23,1081.45
32,2019-10-22,1080.41
33,2019-10-21,1079.39
34,2019-10-18,1086.83
35,2019-10-17,1084.56
36,2019-10-16,1093.94
37,2019-10-15,1096.13
38,2019-10-14,1096.11
39,2019-10-11,1095.71
40,2019-10-10,1112.09
41,2019-10-08,1120.0
42,2019-10-07,1121.15
43,2019-10-04,1121.89
44,2019-10-02,1121.9
45,2019-10-01,1109.88
46,2019-09-30,1111.06
47,2019-09-27,1110.03
48,2019-09-26,1115.76
49,2019-09-25,1118.36
50,2019-09-24,1109.36
51,2019-09-23,1114.52
52,2019-09-20,1100.82
53,2019-09-19,1106.94
54,2019-09-18,1101.46
55,2019-09-17,1101.4
56,2019-09-16,1098.69
57,2019-09-11,1109.31
58,2019-09-10,1110.23
59,2019-09-09,1114.95
60,2019-09-06,1116.67
61,2019-09-05,1125.23
62,2019-09-04,1136.48
63,2019-09-03,1146.47
64,2019-09-02,1139.62
65,2019-08-30,1136.8
66,2019-08-29,1141.92
67,2019-08-28,1148.46
68,2019-08-27,1147.29
69,2019-08-26,1147.81
70,2019-08-23,1135.65
71,2019-08-22,1137.59
72,2019-08-21,1130.63
73,2019-08-20,1137.19
74,2019-08-19,1135.93
75,2019-08-16,1138.53
76,2019-08-14,1144.77
77,2019-08-13,1163.27
78,2019-08-12,1159.46
79,2019-08-09,1146.15
80,2019-08-08,1139.54
81,2019-08-07,1143.89
82,2019-08-06,1143.56
83,2019-08-05,1146.47
84,2019-08-02,1123.49
85,2019-08-01,1090.28
86,2019-07-31,1089.62
87,2019-07-30,1087.53
88,2019-07-29,1090.25
89,2019-07-26,1090.05
90,2019-07-25,1093.32
91,2019-07-24,1090.75
92,2019-07-23,1090.51
93,2019-07-22,1091.54
94,2019-07-19,1092.42
95,2019-07-18,1092.47
96,2019-07-17,1090.84
97,2019-07-16,1091.91
98,2019-07-15,1093.5
99,2019-07-12,1088.29
100,2019-07-11,1085.48
101,2019-07-10,1084.69
102,2019-07-09,1087.47
103,2019-07-08,1087.67
104,2019-07-05,1084.07
105,2019-07-04,1084.57
106,2019-07-03,1087.27
107,2019-07-02,1078.57
108,2019-07-01,1074.22
109,2019-06-28,1073.14
110,2019-06-27,1072.47
111,2019-06-26,1074.07
112,2019-06-25,1080.93
113,2019-06-24,1078.5
114,2019-06-21,1081.77
115,2019-06-20,1077.51
116,2019-06-19,1085.13
117,2019-06-18,1094.95
118,2019-06-17,1092.41
119,2019-06-14,1095.5
120,2019-06-13,1090.47
121,2019-06-12,1091.68
122,2019-06-11,1086.94
123,2019-06-10,1092.89
124,2019-06-07,1092.17
125,2019-06-05,1087.82
126,2019-06-04,1096.19
127,2019-06-03,1091.82
128,2019-05-31,1095.58
129,2019-05-30,1085.95
130,2019-05-29,1091.91
131,2019-05-28,1087.34
132,2019-05-27,1082.99
133,2019-05-24,1083.1
134,2019-05-23,1082.64
135,2019-05-22,1077.17
136,2019-05-21,1083.46
137,2019-05-20,1086.76
138,2019-05-17,1090.44
139,2019-05-16,1085.42
140,2019-05-15,1088.61
141,2019-05-14,1082.65
142,2019-05-13,1082.79
143,2019-05-10,1073.1
144,2019-05-09,1075.93
145,2019-05-08,1065.86
146,2019-05-07,1057.01
147,2019-05-03,1049.37
148,2019-05-02,1044.16
149,2019-04-30,1048.38
150,2019-04-29,1038.62
151,2019-04-26,1038.88
152,2019-04-25,1039.92
153,2019-04-24,1028.92
154,2019-04-23,1021.32
155,2019-04-22,1019.88
156,2019-04-19,1015.46
157,2019-04-18,1016.75
158,2019-04-17,1011.83
159,2019-04-16,1015.46
160,2019-04-15,1012.51
161,2019-04-12,1015.63
162,2019-04-11,1026.41
163,2019-04-10,1023.6
164,2019-04-09,1024.85
165,2019-04-08,1027.32
166,2019-04-05,1018.57
167,2019-04-04,1020.69
168,2019-04-03,1017.63
169,2019-04-02,1020.88
170,2019-04-01,1022.75
171,2019-03-29,1026.4
172,2019-03-28,1031.14
173,2019-03-27,1030.4
174,2019-03-26,1027.41
175,2019-03-25,1029.04
176,2019-03-22,1026.66
177,2019-03-21,1020.75
178,2019-03-20,1013.86
179,2019-03-19,1016.59
180,2019-03-18,1016.77
181,2019-03-15,1017.05
182,2019-03-14,1017.88
183,2019-03-13,1017.2
184,2019-03-12,1015.76
185,2019-03-11,1019.73
186,2019-03-08,1022.76
187,2019-03-07,1011.6
188,2019-03-06,1009.16
189,2019-03-05,1006.21
190,2019-03-04,1006.74
191,2019-02-28,1014.62
192,2019-02-27,1012.35
193,2019-02-26,1008.93
194,2019-02-25,1011.47
195,2019-02-22,1014.84
196,2019-02-21,1017.12
197,2019-02-20,1014.49
198,2019-02-19,1018.64
199,2019-02-18,1018.59
200,2019-02-15,1022.03
201,2019-02-14,1014.9
202,2019-02-13,1014.13
203,2019-02-12,1019.15
204,2019-02-11,1021.23
205,2019-02-08,1024.05
206,2019-02-07,1026.95
207,2019-02-01,1027.45
208,2019-01-31,1024.34
209,2019-01-30,1022.07
210,2019-01-29,1022.24
211,2019-01-28,1022.06
212,2019-01-25,1020.25
213,2019-01-24,1029.47
214,2019-01-23,1029.18
215,2019-01-22,1034.5
216,2019-01-21,1031.15
217,2019-01-18,1026.24
218,2019-01-17,1033.71
219,2019-01-16,1031.57
220,2019-01-15,1036.37
221,2019-01-14,1039.27
222,2019-01-11,1030.14
223,2019-01-10,1035.1
224,2019-01-09,1029.98
225,2019-01-08,1035.74
226,2019-01-07,1034.21
227,2019-01-04,1040.79
228,2019-01-03,1047.23
229,2019-01-02,1028.5
230,2018-12-31,1015.7
231,2018-12-28,1012.37
232,2018-12-27,1012.5
233,2018-12-26,1017.3
234,2018-12-24,1014.64
235,2018-12-21,1010.92
236,2018-12-20,1004.61
237,2018-12-19,1002.8
238,2018-12-18,1005.03
239,2018-12-17,998.98
240,2018-12-14,998.99
241,2018-12-13,991.32
242,2018-12-12,995.55
243,2018-12-11,998.98
244,2018-12-10,1000.67
245,2018-12-07,994.82
246,2018-12-06,994.19
247,2018-12-05,985.57
248,2018-12-04,981.07
249,2018-12-03,979.88
250,2018-11-30,988.29
251,2018-11-29,989.19
252,2018-11-28,991.61
253,2018-11-27,994.59
254,2018-11-26,997.31
255,2018-11-23,1003.72
256,2018-11-22,1000.75
257,2018-11-21,999.25
258,2018-11-20,1004.5
259,2018-11-19,999.34
260,2018-11-16,1000.04
261,2018-11-15,997.22
262,2018-11-14,994.91
263,2018-11-13,995.22
264,2018-11-12,998.99
265,2018-11-09,991.44
266,2018-11-08,982.28
267,2018-11-07,990.37
268,2018-11-06,993.59
269,2018-11-05,992.98
270,2018-11-02,989.51
271,2018-11-01,1004.21
272,2018-10-31,1008.18
273,2018-10-30,1008.94
274,2018-10-29,1016.6
275,2018-10-26,1018.86
276,2018-10-25,1013.04
277,2018-10-24,1006.52
278,2018-10-23,1014.09
279,2018-10-22,1004.21
280,2018-10-19,1007.16
281,2018-10-18,1009.38
282,2018-10-17,1003.96
283,2018-10-16,1002.54
284,2018-10-15,1013.14
285,2018-10-12,1008.99
286,2018-10-11,1017.33
287,2018-10-10,1003.8
288,2018-10-08,1004.37
289,2018-10-05,993.63
290,2018-10-04,990.31
291,2018-10-02,984.18
292,2018-10-01,975.68
293,2018-09-28,979.89
294,2018-09-27,984.38
295,2018-09-21,990.82
296,2018-09-20,997.86
297,2018-09-19,999.24
298,2018-09-18,1002.18
299,2018-09-17,1005.49
300,2018-09-14,999.29
301,2018-09-13,1007.22
302,2018-09-12,1014.25
303,2018-09-11,1013.43
304,2018-09-10,1016.52
305,2018-09-07,1012.29
306,2018-09-06,1009.04
307,2018-09-05,1007.76
308,2018-09-04,1004.45
309,2018-09-03,1001.48
310,2018-08-31,1008.8
311,2018-08-30,997.13
312,2018-08-29,1001.21
313,2018-08-28,996.98
314,2018-08-27,1003.42
315,2018-08-24,1003.64
316,2018-08-23,1012.54
317,2018-08-22,1014.74
318,2018-08-21,1013.91
319,2018-08-20,1015.98
320,2018-08-17,1019.02
321,2018-08-16,1020.47
322,2018-08-14,1018.94
323,2018-08-13,1024.88
324,2018-08-10,1016.97
325,2018-08-09,1007.7
326,2018-08-08,1008.77
327,2018-08-07,1009.64
328,2018-08-06,1010.0
329,2018-08-03,1011.26
330,2018-08-02,1013.78
331,2018-08-01,1000.58
332,2018-07-31,1003.68
333,2018-07-30,1006.44
334,2018-07-27,1007.62
335,2018-07-26,1010.96
336,2018-07-25,1012.83
337,2018-07-24,1018.48
338,2018-07-23,1019.95
339,2018-07-20,1014.98
340,2018-07-19,1006.5
341,2018-07-18,1005.19
342,2018-07-17,1001.47
343,2018-07-16,1004.85
344,2018-07-13,1006.93
345,2018-07-12,1001.02
346,2018-07-11,1009.49
347,2018-07-10,1004.59
348,2018-07-09,1007.29
349,2018-07-06,1010.59
350,2018-07-05,1011.85
351,2018-07-04,1011.04
352,2018-07-03,1007.18
353,2018-07-02,1012.05
354,2018-06-29,1007.46
355,2018-06-28,1020.47
356,2018-06-27,1016.2
357,2018-06-26,1019.28
358,2018-06-25,1017.61
359,2018-06-22,1010.67
360,2018-06-21,1009.07
361,2018-06-20,1005.59
362,2018-06-19,1016.12
363,2018-06-18,999.86
364,2018-06-15,994.84
365,2018-06-14,982.39
366,2018-06-12,977.47
367,2018-06-11,978.48
368,2018-06-08,983.25
369,2018-06-07,972.36
370,2018-06-05,976.61
371,2018-06-04,977.66
372,2018-06-01,980.54
373,2018-05-31,991.36
374,2018-05-30,992.42
375,2018-05-29,991.42
376,2018-05-28,983.4
377,2018-05-25,986.42
378,2018-05-24,985.16
379,2018-05-23,984.85
380,2018-05-21,975.68
381,2018-05-18,974.99
382,2018-05-17,976.29
383,2018-05-16,981.98
384,2018-05-15,976.74
385,2018-05-14,976.67
386,2018-05-11,976.79
387,2018-05-10,980.2
388,2018-05-09,983.82
389,2018-05-08,989.09
390,2018-05-04,989.57
391,2018-05-03,984.53
392,2018-05-02,980.55
393,2018-04-30,978.74
394,2018-04-27,981.3
395,2018-04-26,987.03
396,2018-04-25,991.3
397,2018-04-24,988.85
398,2018-04-23,995.1
399,2018-04-20,994.01
400,2018-04-19,989.52
401,2018-04-18,994.08
402,2018-04-17,998.18
403,2018-04-16,1000.05
404,2018-04-13,992.57
405,2018-04-12,999.77
406,2018-04-11,1001.17
407,2018-04-10,996.92
408,2018-04-09,999.77
409,2018-04-06,996.97
410,2018-04-05,990.28
411,2018-04-04,1002.5
412,2018-04-03,993.84
413,2018-04-02,992.2
414,2018-03-30,1001.18
415,2018-03-29,1001.22
416,2018-03-28,1006.54
417,2018-03-27,1015.75
418,2018-03-26,1026.48
419,2018-03-23,1026.4
420,2018-03-22,1024.81
421,2018-03-21,1009.08
422,2018-03-20,1006.06
423,2018-03-19,1010.97
424,2018-03-16,1009.88
425,2018-03-15,1005.52
426,2018-03-14,999.01
427,2018-03-13,996.58
428,2018-03-12,1001.31
429,2018-03-09,1002.57
430,2018-03-08,1009.94
431,2018-03-07,1013.07
432,2018-03-06,1007.48
433,2018-03-05,1023.91
434,2018-03-02,1028.25
435,2018-02-28,1012.01
436,2018-02-27,1001.59
437,2018-02-26,1004.54
438,2018-02-23,1010.54
439,2018-02-22,1012.14
440,2018-02-21,1000.51
441,2018-02-20,1002.33
442,2018-02-19,1002.86
443,2018-02-14,1006.06
444,2018-02-13,1008.55
445,2018-02-12,998.67
446,2018-02-09,1002.71
447,2018-02-08,994.98
448,2018-02-07,992.82
449,2018-02-06,995.38
450,2018-02-05,993.21
451,2018-02-02,988.85
452,2018-02-01,978.35
453,2018-01-31,981.26
454,2018-01-30,986.61
455,2018-01-29,984.61
456,2018-01-26,975.71
457,2018-01-25,974.9
458,2018-01-24,975.25
459,2018-01-23,974.61
460,2018-01-22,966.75
461,2018-01-19,965.44
462,2018-01-18,962.9
463,2018-01-17,966.46
464,2018-01-16,962.05
465,2018-01-15,962.55
466,2018-01-12,957.99
467,2018-01-11,959.48
468,2018-01-10,960.55
469,2018-01-09,950.14
470,2018-01-08,944.84
471,2018-01-05,940.12
472,2018-01-04,945.0
473,2018-01-03,950.85
474,2018-01-02,948.07
475,2017-12-29,949.23
476,2017-12-28,949.09
477,2017-12-27,950.28
478,2017-12-26,949.69
479,2017-12-22,952.51
480,2017-12-21,953.19
481,2017-12-20,957.28
482,2017-12-19,962.95
483,2017-12-18,967.68
484,2017-12-15,971.7
485,2017-12-14,966.41
486,2017-12-13,963.66
487,2017-12-12,962.01
488,2017-12-11,963.43
489,2017-12-08,964.8
490,2017-12-07,970.73
491,2017-12-06,974.6
492,2017-12-05,966.3
493,2017-12-04,963.22
494,2017-12-01,967.3
495,2017-11-30,969.31
496,2017-11-29,965.42
497,2017-11-28,972.19
498,2017-11-27,980.25
499,2017-11-24,975.62
500,2017-11-23,976.75
501,2017-11-22,973.86
502,2017-11-21,971.77
503,2017-11-20,980.47
504,2017-11-17,976.51
505,2017-11-16,971.19
506,2017-11-15,982.75
507,2017-11-14,983.85
508,2017-11-13,989.36
509,2017-11-10,987.52
510,2017-11-09,987.51
511,2017-11-08,983.29
512,2017-11-07,975.26
513,2017-11-06,976.39
514,2017-11-03,978.38
515,2017-11-02,975.77
516,2017-11-01,978.2
517,2017-10-31,987.17
518,2017-10-30,990.45
519,2017-10-27,989.72
520,2017-10-26,990.1
521,2017-10-25,988.12
522,2017-10-24,992.32
523,2017-10-23,994.07
524,2017-10-20,999.69
525,2017-10-19,1007.16
526,2017-10-18,1003.32
527,2017-10-17,1007.97
528,2017-10-16,1009.75
529,2017-10-13,1008.09
530,2017-10-12,1008.67
531,2017-10-11,1011.27
532,2017-10-10,1009.47
533,2017-09-29,1021.15
534,2017-09-28,1018.5
535,2017-09-27,1011.36
536,2017-09-26,1016.28
537,2017-09-25,1010.83
538,2017-09-22,1012.18
539,2017-09-21,1008.94
540,2017-09-20,1014.87
541,2017-09-19,1015.48
542,2017-09-18,1012.83
543,2017-09-15,1022.85
544,2017-09-14,1027.64
545,2017-09-13,1024.93
546,2017-09-12,1028.44
547,2017-09-11,1043.63
548,2017-09-08,1049.99
549,2017-09-07,1038.4
550,2017-09-06,1041.75
551,2017-09-05,1035.86
552,2017-09-04,1031.21
553,2017-09-01,1018.31
554,2017-08-31,1020.05
555,2017-08-30,1022.39
556,2017-08-29,1036.5
557,2017-08-28,1025.38
558,2017-08-25,1027.11
559,2017-08-24,1030.7
560,2017-08-23,1037.44
561,2017-08-22,1037.73
562,2017-08-21,1046.04
563,2017-08-18,1048.55
564,2017-08-17,1033.47
565,2017-08-16,1028.79
566,2017-08-14,1041.37
567,2017-08-11,1048.18
568,2017-08-10,1040.78
569,2017-08-09,1038.88
570,2017-08-08,1020.61
571,2017-08-07,1019.63
572,2017-08-04,1017.03
573,2017-08-03,1022.89
574,2017-08-02,1014.07
575,2017-08-01,1016.11
576,2017-07-31,1013.71
577,2017-07-28,1010.48
578,2017-07-27,1001.39
579,2017-07-26,1001.97
580,2017-07-25,1002.38
581,2017-07-24,1006.54
582,2017-07-21,1004.98
583,2017-07-20,1002.63
584,2017-07-19,1004.52
585,2017-07-18,1002.81
586,2017-07-17,1002.89
587,2017-07-14,1008.72
588,2017-07-13,1004.37
589,2017-07-12,1011.82
590,2017-07-11,1007.35
591,2017-07-10,1007.97
592,2017-07-07,1013.47
593,2017-07-06,1022.8
594,2017-07-05,1016.33
595,2017-07-04,1016.78
596,2017-07-03,1017.35
597,2017-06-30,1022.37
598,2017-06-29,1013.7
599,2017-06-28,1020.56
600,2017-06-27,1016.65
601,2017-06-26,1017.54
602,2017-06-23,1023.42
603,2017-06-22,1028.62
604,2017-06-21,1026.01
605,2017-06-20,1022.65
606,2017-06-19,1023.21
607,2017-06-16,1019.83
608,2017-06-15,1029.31
609,2017-06-14,1026.17
610,2017-06-13,1024.93
611,2017-06-12,1030.36
612,2017-06-09,1016.81
613,2017-06-08,1020.96
614,2017-06-07,1028.21
615,2017-06-05,1012.25
616,2017-06-02,1014.13
617,2017-06-01,1007.86
618,2017-05-31,1008.98
619,2017-05-30,1013.92
620,2017-05-29,1008.08
621,2017-05-26,1006.75
622,2017-05-25,1002.33
623,2017-05-24,1004.34
624,2017-05-23,1010.52
625,2017-05-22,1003.99
626,2017-05-19,1009.48
627,2017-05-18,1024.34
628,2017-05-17,996.58
629,2017-05-16,983.13
630,2017-05-15,989.03
631,2017-05-12,993.84
632,2017-05-11,991.23
633,2017-05-10,997.23
634,2017-05-08,1006.44
635,2017-05-04,1007.0
636,2017-05-02,1007.71
637,2017-04-28,1022.27
638,2017-04-27,1018.64
639,2017-04-26,1015.3
640,2017-04-25,1021.6
641,2017-04-24,1025.75
642,2017-04-21,1041.2
643,2017-04-20,1044.08
644,2017-04-19,1047.0
645,2017-04-18,1050.5
646,2017-04-17,1048.36
647,2017-04-14,1051.23
648,2017-04-13,1035.75
649,2017-04-12,1040.76
650,2017-04-11,1036.75
651,2017-04-10,1026.95
652,2017-04-07,1027.64
653,2017-04-06,1019.93
654,2017-04-05,1014.44
655,2017-04-04,1018.52
656,2017-04-03,1004.22
657,2017-03-31,999.64
658,2017-03-30,1004.18
659,2017-03-29,1005.01
660,2017-03-28,1009.02
661,2017-03-27,1006.31
662,2017-03-24,1010.58
663,2017-03-23,1011.77
664,2017-03-22,1006.33
665,2017-03-21,994.54
666,2017-03-20,990.74
667,2017-03-17,999.51
668,2017-03-16,997.4
669,2017-03-15,999.87
670,2017-03-14,1001.61
671,2017-03-13,1000.48
672,2017-03-10,1001.6
673,2017-03-09,1012.04
674,2017-03-08,1009.33
675,2017-03-07,1008.91
676,2017-03-06,1014.85
677,2017-03-03,1011.23
678,2017-03-02,1000.92
679,2017-02-28,1007.18
680,2017-02-27,1010.47
681,2017-02-24,1007.89
682,2017-02-23,1006.87
683,2017-02-22,1012.03
684,2017-02-21,1008.93
685,2017-02-20,1014.27
686,2017-02-17,1019.77
687,2017-02-16,1004.76
688,2017-02-15,996.72
689,2017-02-14,1003.31
690,2017-02-13,1011.7
691,2017-02-10,1013.08
692,2017-02-09,1019.29
693,2017-02-08,1022.16
694,2017-02-07,1020.49
695,2017-02-06,1012.55
696,2017-02-03,1015.3
697,2017-02-02,1017.44
698,2017-02-01,1021.88
699,2017-01-31,1025.96
700,2017-01-26,1019.88
701,2017-01-25,1029.17
702,2017-01-24,1028.93
703,2017-01-23,1030.82
704,2017-01-20,1020.52
705,2017-01-19,1027.34
706,2017-01-18,1031.93
707,2017-01-17,1034.12
708,2017-01-16,1037.28
709,2017-01-13,1027.31
710,2017-01-12,1034.24
711,2017-01-11,1031.89
712,2017-01-10,1033.27
713,2017-01-09,1032.09
714,2017-01-06,1026.29
715,2017-01-05,1021.24
716,2017-01-04,1023.57
717,2017-01-03,1021.45
718,2017-01-02,1030.97
719,2016-12-30,1029.87
720,2016-12-29,1037.38
721,2016-12-28,1030.38
722,2016-12-27,1028.11
723,2016-12-26,1026.53
724,2016-12-23,1027.19
725,2016-12-22,1023.49
726,2016-12-21,1019.49
727,2016-12-20,1012.32
728,2016-12-19,1014.29
729,2016-12-16,1004.27
730,2016-12-15,1002.2
731,2016-12-14,1016.58
732,2016-12-13,1012.1
733,2016-12-12,1009.58
734,2016-12-09,1018.72
735,2016-12-08,1019.66
736,2016-12-07,1020.4
737,2016-12-06,1028.09
738,2016-12-05,1027.99
739,2016-12-02,1028.99
740,2016-12-01,1023.48
741,2016-11-30,1034.71
742,2016-11-29,1039.28
743,2016-11-28,1042.71
744,2016-11-25,1041.8
745,2016-11-24,1043.7
746,2016-11-23,1057.53
747,2016-11-22,1060.1
748,2016-11-21,1065.86
749,2016-11-18,1069.22
750,2016-11-17,1076.23
751,2016-11-16,1071.31
752,2016-11-15,1079.93
753,2016-11-14,1089.31
754,2016-11-11,1096.39
755,2016-11-10,1085.66
756,2016-11-09,1114.92
757,2016-11-08,1085.49
758,2016-11-07,1094.79
759,2016-11-04,1112.19
760,2016-11-03,1107.72
761,2016-11-02,1107.29
762,2016-11-01,1088.45
763,2016-10-31,1090.22
764,2016-10-28,1088.41
765,2016-10-27,1092.55
766,2016-10-26,1088.37
767,2016-10-25,1084.33
768,2016-10-24,1090.1
769,2016-10-21,1099.97
770,2016-10-20,1086.87
771,2016-10-19,1085.18
772,2016-10-18,1084.12
773,2016-10-17,1095.06
774,2016-10-14,1086.98
775,2016-10-13,1095.57
776,2016-10-12,1085.08
777,2016-10-11,1083.01
778,2016-10-10,1074.69
779,2016-10-07,1080.13
780,2016-10-06,1075.71
781,2016-10-05,1082.45
782,2016-10-04,1082.98
783,2016-09-30,1091.61
784,2016-09-29,1082.16
785,2016-09-28,1092.06
786,2016-09-27,1096.0
787,2016-09-26,1103.59
788,2016-09-23,1094.52
789,2016-09-22,1094.11
790,2016-09-21,1108.3
791,2016-09-20,1099.0
792,2016-09-19,1101.77
793,2016-09-13,1100.14
794,2016-09-12,1096.66
795,2016-09-09,1074.15
796,2016-09-08,1073.13
797,2016-09-07,1074.65
798,2016-09-06,1070.75
799,2016-09-05,1070.27
800,2016-09-02,1077.09
801,2016-09-01,1081.04
802,2016-08-31,1081.08
803,2016-08-30,1090.41
804,2016-08-29,1097.81
805,2016-08-26,1111.74
806,2016-08-25,1110.56
807,2016-08-24,1118.75
808,2016-08-23,1116.89
809,2016-08-22,1118.64
810,2016-08-19,1116.93
811,2016-08-18,1106.24
812,2016-08-17,1104.54
813,2016-08-16,1092.9
814,2016-08-12,1092.37
815,2016-08-11,1086.28
816,2016-08-10,1082.95
817,2016-08-09,1082.71
818,2016-08-08,1081.94
819,2016-08-05,1095.44
820,2016-08-04,1100.44
821,2016-08-03,1105.67
822,2016-08-02,1092.21
823,2016-08-01,1082.77
824,2016-07-29,1085.76
825,2016-07-28,1077.42
826,2016-07-27,1074.08
827,2016-07-26,1090.46
828,2016-07-25,1073.09
829,2016-07-22,1072.78
830,2016-07-21,1073.38
831,2016-07-20,1071.55
832,2016-07-19,1073.32
833,2016-07-18,1077.88
834,2016-07-15,1070.7
835,2016-07-14,1073.17
836,2016-07-13,1095.82
837,2016-07-12,1104.54
838,2016-07-11,1121.71
839,2016-07-08,1151.42
840,2016-07-07,1142.36
841,2016-07-06,1155.45
842,2016-07-05,1138.56
843,2016-07-04,1118.65
844,2016-07-01,1118.64
845,2016-06-30,1120.63
846,2016-06-29,1127.67
847,2016-06-28,1141.34
848,2016-06-27,1165.15
849,2016-06-24,1146.68
850,2016-06-23,1083.2
851,2016-06-22,1101.6
852,2016-06-21,1104.14
853,2016-06-20,1108.83
854,2016-06-17,1125.33
855,2016-06-16,1130.84
856,2016-06-15,1105.09
857,2016-06-14,1112.95
858,2016-06-13,1108.44
859,2016-06-10,1091.5
860,2016-06-09,1087.66
861,2016-06-08,1077.51
862,2016-06-07,1073.42
863,2016-06-03,1089.47
864,2016-06-02,1089.25
865,2016-06-01,1085.57
866,2016-05-31,1072.88
867,2016-05-30,1071.49
868,2016-05-27,1075.56
869,2016-05-26,1075.2
870,2016-05-25,1073.11
871,2016-05-24,1088.84
872,2016-05-23,1080.95
873,2016-05-20,1080.24
874,2016-05-19,1082.39
875,2016-05-18,1082.33
876,2016-05-17,1072.24
877,2016-05-16,1082.46
878,2016-05-13,1077.84
879,2016-05-12,1071.72
880,2016-05-11,1076.36
881,2016-05-10,1073.82
882,2016-05-09,1083.91
883,2016-05-04,1081.22
884,2016-05-03,1079.12
885,2016-05-02,1069.72
886,2016-04-29,1065.49
887,2016-04-28,1053.29
888,2016-04-27,1033.74
889,2016-04-26,1036.61
890,2016-04-25,1032.37
891,2016-04-22,1036.06
892,2016-04-21,1034.64
893,2016-04-20,1039.18
894,2016-04-19,1038.48
895,2016-04-18,1058.85
896,2016-04-15,1049.74
897,2016-04-14,1058.2
898,2016-04-12,1056.94
899,2016-04-11,1060.56
900,2016-04-08,1059.33
901,2016-04-07,1064.08
902,2016-04-06,1051.01
903,2016-04-05,1050.06
904,2016-04-04,1030.74
905,2016-04-01,1024.82
906,2016-03-31,1015.67
907,2016-03-30,1022.46
908,2016-03-29,1024.98
909,2016-03-28,1027.67
910,2016-03-25,1035.4
911,2016-03-24,1034.12
912,2016-03-23,1032.9
913,2016-03-22,1038.81
914,2016-03-21,1041.39
915,2016-03-18,1044.66
916,2016-03-17,1047.54
917,2016-03-16,1050.16
918,2016-03-15,1052.63
919,2016-03-14,1045.43
920,2016-03-11,1049.95
921,2016-03-10,1058.71
922,2016-03-09,1079.62
923,2016-03-08,1070.23
924,2016-03-07,1061.58
925,2016-03-04,1061.1
926,2016-03-03,1067.45
927,2016-03-02,1073.15
928,2016-02-29,1095.7
929,2016-02-26,1096.09
930,2016-02-25,1107.24
931,2016-02-24,1100.86
932,2016-02-23,1098.58
933,2016-02-22,1091.47
934,2016-02-19,1090.47
935,2016-02-18,1081.83
936,2016-02-17,1077.73
937,2016-02-16,1062.06
938,2016-02-15,1061.2
939,2016-02-12,1072.82
940,2016-02-11,1077.9
941,2016-02-05,1024.29
942,2016-02-04,1018.18
943,2016-02-03,1014.25
944,2016-02-02,1001.91
945,2016-02-01,991.67
946,2016-01-29,997.6
947,2016-01-28,1015.15
948,2016-01-27,1017.51
949,2016-01-26,1020.67
950,2016-01-25,1012.34
951,2016-01-22,1013.95
952,2016-01-21,1038.33
953,2016-01-20,1048.07
954,2016-01-19,1024.28
955,2016-01-18,1032.91
956,2016-01-15,1033.87
957,2016-01-14,1031.44
958,2016-01-13,1017.75
959,2016-01-12,1032.27
960,2016-01-11,1023.67
961,2016-01-08,1012.75
962,2016-01-07,1020.58
963,2016-01-06,1012.15
964,2016-01-05,997.48
965,2016-01-04,999.41
966,2015-12-31,978.07
967,2015-12-30,974.09
968,2015-12-29,970.68
969,2015-12-28,966.99
970,2015-12-24,972.58
971,2015-12-23,972.31
972,2015-12-22,967.13
973,2015-12-21,969.61
974,2015-12-18,977.06
975,2015-12-17,964.54
976,2015-12-16,965.7
977,2015-12-15,976.36
978,2015-12-14,978.05
979,2015-12-11,969.08
980,2015-12-10,969.78
981,2015-12-09,962.62
982,2015-12-08,957.16
983,2015-12-07,946.44
984,2015-12-04,945.44
985,2015-12-03,942.99
986,2015-12-02,944.86
987,2015-12-01,942.08
988,2015-11-30,941.69
989,2015-11-27,944.52
990,2015-11-26,938.21
991,2015-11-25,934.72
992,2015-11-24,941.95
993,2015-11-23,941.92
994,2015-11-20,941.32
995,2015-11-19,944.73
996,2015-11-18,949.79
997,2015-11-17,950.78
998,2015-11-16,954.72
999,2015-11-13,949.98
1000,2015-11-12,942.91
1001,2015-11-11,938.85
1002,2015-11-10,939.96
1003,2015-11-09,939.07
1004,2015-11-06,937.06
1005,2015-11-05,935.65
1006,2015-11-04,934.69
1007,2015-11-03,938.41
1008,2015-11-02,945.77
1009,2015-10-30,943.33
1010,2015-10-29,948.14
1011,2015-10-28,940.17
1012,2015-10-27,940.98
1013,2015-10-26,936.57
1014,2015-10-23,937.34
1015,2015-10-22,950.39
1016,2015-10-21,947.82
1017,2015-10-20,946.8
1018,2015-10-19,941.19
1019,2015-10-16,950.74
1020,2015-10-15,952.66
1021,2015-10-14,957.12
1022,2015-10-13,960.48
1023,2015-10-12,951.91
1024,2015-10-08,969.69
1025,2015-10-07,964.09
1026,2015-10-06,969.43
1027,2015-10-05,972.04
1028,2015-10-02,984.68
1029,2015-10-01,979.94
1030,2015-09-30,982.95
1031,2015-09-25,987.27
1032,2015-09-24,995.08
1033,2015-09-23,989.19
1034,2015-09-22,986.49
1035,2015-09-21,978.3
1036,2015-09-18,974.51
1037,2015-09-17,965.75
1038,2015-09-16,976.55
1039,2015-09-15,988.37
1040,2015-09-14,984.19
1041,2015-09-11,983.99
1042,2015-09-10,981.96
1043,2015-09-09,990.95
1044,2015-09-08,997.67
1045,2015-09-07,1009.47
1046,2015-09-04,1001.51
1047,2015-09-03,989.77
1048,2015-09-02,987.82
1049,2015-09-01,981.31
1050,2015-08-31,975.42
1051,2015-08-28,974.74
1052,2015-08-27,980.07
1053,2015-08-26,993.14
1054,2015-08-25,990.21
1055,2015-08-24,997.76
1056,2015-08-21,971.52
1057,2015-08-20,960.22
1058,2015-08-19,952.02
1059,2015-08-18,950.77
1060,2015-08-17,950.58
1061,2015-08-13,943.0
1062,2015-08-12,950.64
1063,2015-08-11,943.24
1064,2015-08-10,933.65
1065,2015-08-07,935.01
1066,2015-08-06,935.6
1067,2015-08-05,941.32
1068,2015-08-04,938.48
1069,2015-08-03,940.32
1070,2015-07-31,943.42
1071,2015-07-30,942.58
1072,2015-07-29,938.69
1073,2015-07-28,943.54
1074,2015-07-27,945.74
1075,2015-07-24,943.95
1076,2015-07-23,937.8
1077,2015-07-22,931.33
1078,2015-07-21,928.35
1079,2015-07-20,929.28
1080,2015-07-17,923.98
1081,2015-07-16,926.09
1082,2015-07-15,925.67
1083,2015-07-14,925.15
1084,2015-07-13,916.59
1085,2015-07-10,925.1
1086,2015-07-09,933.83
1087,2015-07-08,934.86
1088,2015-07-07,924.02
1089,2015-07-06,918.96
1090,2015-07-03,912.97
1091,2015-07-02,911.63
1092,2015-07-01,913.2
1093,2015-06-30,914.78
1094,2015-06-29,913.08
1095,2015-06-26,907.43
1096,2015-06-25,898.38
1097,2015-06-24,894.73
1098,2015-06-23,893.51
1099,2015-06-22,893.9
1100,2015-06-19,900.37
1101,2015-06-18,899.11
1102,2015-06-17,903.53
1103,2015-06-16,905.77
1104,2015-06-15,904.55
1105,2015-06-12,903.23
1106,2015-06-11,899.21
1107,2015-06-10,904.79
1108,2015-06-09,900.75
1109,2015-06-08,895.43
1110,2015-06-05,891.67
1111,2015-06-04,895.48
1112,2015-06-03,890.75
1113,2015-06-02,894.08
1114,2015-06-01,896.96
1115,2015-05-29,895.67
1116,2015-05-28,892.54
1117,2015-05-27,897.99
1118,2015-05-26,901.19
1119,2015-05-22,903.04
1120,2015-05-21,903.38
1121,2015-05-20,907.1
1122,2015-05-19,907.84
1123,2015-05-18,908.07
1124,2015-05-15,909.14
1125,2015-05-14,915.21
1126,2015-05-13,916.67
1127,2015-05-12,913.6
1128,2015-05-11,910.76
1129,2015-05-08,907.71
1130,2015-05-07,915.77
1131,2015-05-06,902.43
1132,2015-05-04,900.22
1133,2015-04-30,903.61
1134,2015-04-29,896.21
1135,2015-04-28,900.28
1136,2015-04-27,900.6
1137,2015-04-24,903.4
1138,2015-04-23,903.26
1139,2015-04-22,902.98
1140,2015-04-21,905.48
1141,2015-04-20,908.76
1142,2015-04-17,909.31
1143,2015-04-16,912.42
1144,2015-04-15,917.12
1145,2015-04-14,915.13
1146,2015-04-13,913.04
1147,2015-04-10,909.3
1148,2015-04-09,907.5
1149,2015-04-08,910.57
1150,2015-04-07,909.81
1151,2015-04-06,911.45
1152,2015-04-03,913.18
1153,2015-04-02,914.78
1154,2015-04-01,918.61
1155,2015-03-31,924.08
1156,2015-03-30,923.97
1157,2015-03-27,926.89
1158,2015-03-26,931.94
1159,2015-03-25,921.17
1160,2015-03-24,921.49
1161,2015-03-23,928.6
1162,2015-03-20,931.52
1163,2015-03-19,928.31
1164,2015-03-18,931.26
1165,2015-03-17,927.86
1166,2015-03-16,932.17
1167,2015-03-13,929.59
1168,2015-03-12,926.92
1169,2015-03-11,927.45
1170,2015-03-10,921.92
1171,2015-03-09,918.59
1172,2015-03-06,914.43
1173,2015-03-05,918.13
1174,2015-03-04,919.56
1175,2015-03-03,916.44
1176,2015-03-02,918.06
1177,2015-02-27,921.79
1178,2015-02-26,922.26
1179,2015-02-25,924.9
1180,2015-02-24,931.86
1181,2015-02-23,930.18
1182,2015-02-17,931.71
1183,2015-02-16,928.6
1184,2015-02-13,925.48
1185,2015-02-12,925.93
1186,2015-02-11,919.69
1187,2015-02-10,919.66
1188,2015-02-09,922.99
1189,2015-02-06,929.09
1190,2015-02-05,929.84
1191,2015-02-04,925.1
1192,2015-02-03,936.45
1193,2015-02-02,935.96
1194,2015-01-30,930.77
1195,2015-01-29,927.48
1196,2015-01-28,919.04
1197,2015-01-27,912.94
1198,2015-01-26,914.95
1199,2015-01-23,914.41
1200,2015-01-22,920.33
1201,2015-01-21,919.74
1202,2015-01-20,920.48
1203,2015-01-19,919.91
1204,2015-01-16,923.15
1205,2015-01-15,916.96
1206,2015-01-14,926.34
1207,2015-01-13,915.87
1208,2015-01-12,913.72
1209,2015-01-09,914.05
1210,2015-01-08,915.39
1211,2015-01-07,923.64
1212,2015-01-06,925.01
1213,2015-01-05,922.81
1214,2015-01-02,917.13
1215,2014-12-31,910.12
1216,2014-12-30,917.39
1217,2014-12-29,911.79
1218,2014-12-26,913.18
1219,2014-12-24,915.3
1220,2014-12-23,916.76
1221,2014-12-22,915.18
1222,2014-12-19,921.47
1223,2014-12-18,928.36
1224,2014-12-17,933.34
1225,2014-12-16,929.24
1226,2014-12-15,927.9
1227,2014-12-12,929.02
1228,2014-12-11,930.98
1229,2014-12-10,926.25
1230,2014-12-09,926.64
1231,2014-12-08,923.18
1232,2014-12-05,927.16
1233,2014-12-04,930.25
1234,2014-12-03,932.28
1235,2014-12-02,934.78
1236,2014-12-01,937.93
1237,2014-11-28,938.13
1238,2014-11-27,934.44
1239,2014-11-26,940.34
1240,2014-11-25,941.2
1241,2014-11-24,941.65
1242,2014-11-21,943.94
1243,2014-11-20,939.9
1244,2014-11-19,942.91
1245,2014-11-18,941.67
1246,2014-11-17,943.82
1247,2014-11-14,946.33
1248,2014-11-13,948.85
1249,2014-11-12,950.46
1250,2014-11-11,946.6
1251,2014-11-10,951.34
1252,2014-11-07,949.55
1253,2014-11-06,947.48
1254,2014-11-05,949.59
1255,2014-11-04,948.78
1256,2014-11-03,951.18
1257,2014-10-31,957.66
1258,2014-10-30,968.4
1259,2014-10-29,969.91
1260,2014-10-28,972.2
1261,2014-10-27,975.26
1262,2014-10-24,977.73
1263,2014-10-23,982.05
1264,2014-10-22,984.27
1265,2014-10-21,988.66
1266,2014-10-20,989.91
1267,2014-10-17,1000.38
1268,2014-10-16,1001.79
1269,2014-10-15,993.38
1270,2014-10-14,995.42
1271,2014-10-13,993.4
1272,2014-10-10,993.06
1273,2014-10-08,994.17
1274,2014-10-07,984.42
1275,2014-10-06,976.24
1276,2014-10-02,978.33
1277,2014-10-01,968.31
1278,2014-09-30,962.85
1279,2014-09-29,963.24
1280,2014-09-26,958.43
1281,2014-09-25,955.06
1282,2014-09-24,955.71
1283,2014-09-23,959.04
1284,2014-09-22,956.44
1285,2014-09-19,958.96
1286,2014-09-18,958.06
1287,2014-09-17,965.03
1288,2014-09-16,967.96
1289,2014-09-15,967.77
1290,2014-09-12,964.56
1291,2014-09-11,968.77
1292,2014-09-05,974.24
1293,2014-09-04,970.73
1294,2014-09-03,970.93
1295,2014-09-02,971.39
1296,2014-09-01,971.68
1297,2014-08-29,975.84
1298,2014-08-28,977.83
1299,2014-08-27,975.47
1300,2014-08-26,978.92
1301,2014-08-25,980.3
1302,2014-08-22,981.3
1303,2014-08-21,984.21
1304,2014-08-20,989.15
1305,2014-08-19,991.81
1306,2014-08-18,992.88
1307,2014-08-14,997.46
1308,2014-08-13,1004.1
1309,2014-08-12,1004.69
1310,2014-08-11,1009.4
1311,2014-08-08,1017.48
1312,2014-08-07,1013.29
1313,2014-08-06,1007.51
1314,2014-08-05,1003.31
1315,2014-08-04,1006.82
1316,2014-08-01,1007.96
1317,2014-07-31,1002.63
1318,2014-07-30,1002.45
1319,2014-07-29,1005.2
1320,2014-07-28,1007.07
1321,2014-07-25,1007.65
1322,2014-07-24,1013.5
1323,2014-07-23,1010.16
1324,2014-07-22,1009.65
1325,2014-07-21,1014.61
1326,2014-07-18,1015.88
1327,2014-07-17,1011.73
1328,2014-07-16,1012.29
1329,2014-07-15,1011.13
1330,2014-07-14,1002.96
1331,2014-07-11,1005.43
1332,2014-07-10,999.51
1333,2014-07-09,995.77
1334,2014-07-08,994.4
1335,2014-07-07,993.03
1336,2014-07-04,989.8
1337,2014-07-03,989.5
1338,2014-07-02,993.1
1339,2014-07-01,995.76
1340,2014-06-30,997.53
1341,2014-06-27,1000.3
1342,2014-06-26,998.13
1343,2014-06-25,1000.69
1344,2014-06-24,998.53
1345,2014-06-23,1000.88
1346,2014-06-20,1001.57
1347,2014-06-19,1000.0
1348,2014-06-18,1000.59
1349,2014-06-17,1001.18
1350,2014-06-16,1002.16
1351,2014-06-13,1000.2
1352,2014-06-12,996.57
1353,2014-06-11,994.03
1354,2014-06-10,993.65
1355,2014-06-09,990.54
1356,2014-06-05,996.59
1357,2014-06-03,1000.0
1358,2014-06-02,1003.63
1359,2014-05-30,1003.84
1360,2014-05-29,1002.27
1361,2014-05-28,1002.55
1362,2014-05-27,1004.61
1363,2014-05-26,1004.12
1364,2014-05-23,1007.66
1365,2014-05-22,1007.77
1366,2014-05-21,1016.86
1367,2014-05-20,1011.85
1368,2014-05-19,1007.99
1369,2014-05-16,1009.06
1370,2014-05-15,1007.07
1371,2014-05-14,1006.77
1372,2014-05-13,998.44
1373,2014-05-12,1004.61
1374,2014-05-09,1008.45
1375,2014-05-08,1003.04
1376,2014-05-07,1007.19
1377,2014-05-02,1004.68
1378,2014-04-30,1007.12
1379,2014-04-29,1003.51
1380,2014-04-28,1012.03
1381,2014-04-25,1017.8
1382,2014-04-24,1015.04
1383,2014-04-23,1014.44
1384,2014-04-22,1012.88
1385,2014-04-21,1012.97
1386,2014-04-18,1013.96
1387,2014-04-17,1018.23
1388,2014-04-16,1015.15
1389,2014-04-15,1023.39
1390,2014-04-14,1023.51
1391,2014-04-11,1018.18
1392,2014-04-10,1020.56
1393,2014-04-09,1018.62
1394,2014-04-08,1021.64
1395,2014-04-07,1023.08
1396,2014-04-04,1015.5
1397,2014-04-03,1017.32
1398,2014-04-02,1018.98
1399,2014-04-01,1023.9
1400,2014-03-31,1030.05
1401,2014-03-28,1046.4
1402,2014-03-27,1050.63
1403,2014-03-26,1051.23
1404,2014-03-25,1054.59
1405,2014-03-24,1049.82
1406,2014-03-21,1057.48
1407,2014-03-20,1050.0
1408,2014-03-19,1052.37
1409,2014-03-18,1055.4
1410,2014-03-17,1049.15
1411,2014-03-14,1053.02
1412,2014-03-13,1042.66
1413,2014-03-12,1041.8
1414,2014-03-11,1030.98
1415,2014-03-10,1032.94
1416,2014-03-07,1031.19
1417,2014-03-06,1036.8
1418,2014-03-05,1045.31
1419,2014-03-04,1051.65
1420,2014-03-03,1056.54
1421,2014-02-28,1049.04
1422,2014-02-27,1043.91
1423,2014-02-26,1042.11
1424,2014-02-25,1048.88
1425,2014-02-24,1048.36
1426,2014-02-21,1046.59
1427,2014-02-20,1056.31
1428,2014-02-19,1042.58
1429,2014-02-18,1040.52
1430,2014-02-17,1040.62
1431,2014-02-14,1040.85
1432,2014-02-13,1042.23
1433,2014-02-12,1035.32
1434,2014-02-11,1042.52
1435,2014-02-10,1049.41
1436,2014-02-07,1054.1
1437,2014-02-06,1063.4
1438,2014-02-05,1063.64
1439,2014-02-04,1067.62
1440,2014-02-03,1063.35
1441,2014-01-29,1039.16
1442,2014-01-28,1047.31
1443,2014-01-27,1056.2
1444,2014-01-24,1048.16
1445,2014-01-23,1029.79
1446,2014-01-22,1023.01
1447,2014-01-21,1019.2
1448,2014-01-20,1021.41
1449,2014-01-17,1017.35
1450,2014-01-16,1015.27
1451,2014-01-15,1018.11
1452,2014-01-14,1023.78
1453,2014-01-13,1021.08
1454,2014-01-10,1011.15
1455,2014-01-09,1013.35
1456,2014-01-08,1015.24
1457,2014-01-07,1024.35
1458,2014-01-06,1019.61
1459,2014-01-03,1011.02
1460,2014-01-02,997.15
1461,2013-12-31,994.29
1462,2013-12-30,1000.28
1463,2013-12-27,1006.68
1464,2013-12-26,1010.79
1465,2013-12-24,1015.35
1466,2013-12-23,1020.58
1467,2013-12-20,1015.21
1468,2013-12-19,1018.47
1469,2013-12-18,1022.54
1470,2013-12-17,1022.25
1471,2013-12-16,1020.95
1472,2013-12-13,1016.51
1473,2013-12-12,1021.19
1474,2013-12-11,1025.37
1475,2013-12-10,1018.72
1476,2013-12-09,1018.81
1477,2013-12-06,1035.33
1478,2013-12-05,1038.73
1479,2013-12-04,1034.01
1480,2013-12-03,1029.1
1481,2013-12-02,1029.71
1482,2013-11-29,1034.1
1483,2013-11-28,1037.28
1484,2013-11-27,1044.43
1485,2013-11-26,1044.54
1486,2013-11-25,1044.17
1487,2013-11-22,1050.29
1488,2013-11-21,1053.49
1489,2013-11-20,1058.13
1490,2013-11-19,1057.57
1491,2013-11-18,1057.85
1492,2013-11-15,1060.11
1493,2013-11-14,1068.78
1494,2013-11-13,1078.11
1495,2013-11-12,1076.59
1496,2013-11-11,1082.83
1497,2013-11-08,1083.68
1498,2013-11-07,1074.87
1499,2013-11-06,1076.83
1500,2013-11-05,1079.68
1501,2013-11-04,1077.55
1502,2013-11-01,1080.56
1503,2013-10-31,1078.37
1504,2013-10-30,1079.21
1505,2013-10-29,1086.91
1506,2013-10-28,1086.69
1507,2013-10-25,1093.83
1508,2013-10-24,1091.02
1509,2013-10-23,1087.69
1510,2013-10-22,1078.07
1511,2013-10-21,1083.12
1512,2013-10-18,1085.11
1513,2013-10-17,1085.25
1514,2013-10-16,1084.68
1515,2013-10-15,1080.49
1516,2013-10-14,1090.65
1517,2013-10-11,1090.54
1518,2013-10-10,1095.27
1519,2013-10-08,1106.65
1520,2013-10-07,1106.58
1521,2013-10-04,1101.63
1522,2013-10-02,1103.07
1523,2013-10-01,1095.52
1524,2013-09-30,1096.02
1525,2013-09-27,1089.49
1526,2013-09-26,1090.9
1527,2013-09-25,1092.16
1528,2013-09-24,1084.08
1529,2013-09-23,1086.63
1530,2013-09-17,1092.24
1531,2013-09-16,1093.35
1532,2013-09-13,1089.99
1533,2013-09-12,1090.39
1534,2013-09-11,1082.9
1535,2013-09-10,1083.42
1536,2013-09-09,1090.83
1537,2013-09-06,1096.56
1538,2013-09-05,1100.15
1539,2013-09-04,1098.9
1540,2013-09-03,1106.36
1541,2013-09-02,1105.02
1542,2013-08-30,1130.71
1543,2013-08-29,1133.61
1544,2013-08-28,1144.97
1545,2013-08-27,1140.22
1546,2013-08-26,1129.21
1547,2013-08-23,1126.91
1548,2013-08-22,1138.1
1549,2013-08-21,1147.06
1550,2013-08-20,1150.25
1551,2013-08-19,1142.23
1552,2013-08-16,1140.56
1553,2013-08-14,1137.5
1554,2013-08-13,1140.87
1555,2013-08-12,1152.77
1556,2013-08-09,1149.67
1557,2013-08-08,1155.0
1558,2013-08-07,1152.66
1559,2013-08-06,1133.64
1560,2013-08-05,1131.7
1561,2013-08-02,1126.94
1562,2013-08-01,1138.37
1563,2013-07-31,1148.02
1564,2013-07-30,1135.53
1565,2013-07-29,1134.65
1566,2013-07-26,1126.82
1567,2013-07-25,1116.0
1568,2013-07-24,1112.5
1569,2013-07-23,1122.78
1570,2013-07-22,1117.94
1571,2013-07-19,1117.87
1572,2013-07-18,1122.48
1573,2013-07-17,1124.32
1574,2013-07-16,1123.27
1575,2013-07-15,1125.08
1576,2013-07-12,1137.26
1577,2013-07-11,1132.41
1578,2013-07-10,1135.16
1579,2013-07-09,1126.21
1580,2013-07-08,1135.89
1581,2013-07-05,1142.23
1582,2013-07-04,1143.32
1583,2013-07-03,1146.51
1584,2013-07-02,1137.57
1585,2013-07-01,1140.29
1586,2013-06-28,1151.59
1587,2013-06-27,1168.59
1588,2013-06-26,1182.35
1589,2013-06-25,1185.4
1590,2013-06-24,1186.28
1591,2013-06-21,1180.44
1592,2013-06-20,1178.78
1593,2013-06-19,1189.97
1594,2013-06-18,1188.37
1595,2013-06-17,1186.24
1596,2013-06-14,1185.19
1597,2013-06-13,1201.34
1598,2013-06-12,1168.2
1599,2013-06-11,1159.95
1600,2013-06-10,1144.77
1601,2013-06-07,1159.95
1602,2013-06-05,1117.78
1603,2013-06-04,1119.31
1604,2013-06-03,1127.25
1605,2013-05-31,1125.93
1606,2013-05-30,1120.49
1607,2013-05-29,1115.38
1608,2013-05-28,1104.14
1609,2013-05-27,1111.33
1610,2013-05-24,1105.59
1611,2013-05-23,1114.96
1612,2013-05-22,1083.3
1613,2013-05-21,1083.91
1614,2013-05-20,1087.17
1615,2013-05-16,1090.46
1616,2013-05-15,1089.52
1617,2013-05-14,1092.92
1618,2013-05-13,1092.83
1619,2013-05-10,1093.13
1620,2013-05-09,1103.91
1621,2013-05-08,1096.5
1622,2013-05-07,1099.51
1623,2013-05-06,1103.23
1624,2013-05-03,1115.69
1625,2013-05-02,1132.76
1626,2013-04-30,1130.15
1627,2013-04-29,1133.06
1628,2013-04-26,1125.01
1629,2013-04-25,1119.12
1630,2013-04-24,1121.82
1631,2013-04-23,1137.08
1632,2013-04-22,1123.75
1633,2013-04-19,1128.09
1634,2013-04-18,1142.92
1635,2013-04-17,1137.87
1636,2013-04-16,1144.07
1637,2013-04-15,1140.16
1638,2013-04-12,1140.03
1639,2013-04-11,1132.26
1640,2013-04-10,1135.31
1641,2013-04-09,1151.75
1642,2013-04-08,1158.28
1643,2013-04-05,1174.36
1644,2013-04-04,1183.01
1645,2013-04-03,1193.89
1646,2013-04-02,1201.55
1647,2013-04-01,1189.76
1648,2013-03-29,1181.41
1649,2013-03-28,1181.34
1650,2013-03-27,1175.32
1651,2013-03-26,1177.47
1652,2013-03-25,1172.49
1653,2013-03-22,1185.83
1654,2013-03-21,1166.54
1655,2013-03-20,1169.38
1656,2013-03-19,1165.09
1657,2013-03-18,1170.19
1658,2013-03-15,1158.33
1659,2013-03-14,1147.63
1660,2013-03-13,1147.46
1661,2013-03-12,1139.29
1662,2013-03-11,1140.0
1663,2013-03-08,1140.48
1664,2013-03-07,1155.65
1665,2013-03-06,1158.91
1666,2013-03-05,1167.24
1667,2013-03-04,1165.6
1668,2013-02-28,1172.2
1669,2013-02-27,1183.94
1670,2013-02-26,1181.54
1671,2013-02-25,1154.17
1672,2013-02-22,1160.35
1673,2013-02-21,1162.58
1674,2013-02-20,1155.12
1675,2013-02-19,1155.74
1676,2013-02-18,1152.05
1677,2013-02-15,1166.49
1678,2013-02-14,1155.57
1679,2013-02-13,1163.77
1680,2013-02-12,1160.22
1681,2013-02-08,1178.09
1682,2013-02-07,1163.32
1683,2013-02-06,1160.53
1684,2013-02-05,1172.25
1685,2013-02-04,1169.66
1686,2013-02-01,1188.41
1687,2013-01-31,1195.56
1688,2013-01-30,1188.47
1689,2013-01-29,1196.65
1690,2013-01-28,1202.47
1691,2013-01-25,1185.33
1692,2013-01-24,1195.01
1693,2013-01-23,1208.07
1694,2013-01-22,1191.22
1695,2013-01-21,1189.7
1696,2013-01-18,1174.84
1697,2013-01-17,1189.91
1698,2013-01-16,1205.21
1699,2013-01-15,1189.75
1700,2013-01-14,1180.66
1701,2013-01-11,1186.38
1702,2013-01-10,1201.36
1703,2013-01-09,1210.22
1704,2013-01-08,1215.69
1705,2013-01-07,1211.69
1706,2013-01-04,1206.21
1707,2013-01-03,1217.86
1708,2013-01-02,1218.01
1709,2012-12-31,1235.04
1710,2012-12-28,1236.38
1711,2012-12-27,1249.27
1712,2012-12-26,1256.29
1713,2012-12-24,1271.62
1714,2012-12-21,1277.49
1715,2012-12-20,1277.53
1716,2012-12-18,1279.35
1717,2012-12-17,1277.86
1718,2012-12-14,1281.93
1719,2012-12-13,1286.57
1720,2012-12-12,1295.38
1721,2012-12-11,1305.83
1722,2012-12-10,1308.89
1723,2012-12-07,1313.9
1724,2012-12-06,1313.97
1725,2012-12-05,1313.68
1726,2012-12-04,1321.18
1727,2012-12-03,1318.64
1728,2012-11-30,1309.58
1729,2012-11-29,1318.48
1730,2012-11-28,1327.27
1731,2012-11-27,1318.41
1732,2012-11-26,1322.85
1733,2012-11-23,1322.17
1734,2012-11-22,1310.7
1735,2012-11-21,1318.39
1736,2012-11-20,1333.25
1737,2012-11-19,1338.18
1738,2012-11-16,1346.75
1739,2012-11-15,1344.96
1740,2012-11-14,1357.78
1741,2012-11-13,1376.55
1742,2012-11-12,1370.79
1743,2012-11-09,1370.68
1744,2012-11-08,1362.9
1745,2012-11-07,1351.57
1746,2012-11-06,1361.03
1747,2012-11-05,1360.35
1748,2012-11-02,1358.77
1749,2012-11-01,1365.17
1750,2012-10-31,1365.57
1751,2012-10-30,1371.76
1752,2012-10-29,1374.7
1753,2012-10-26,1372.84
1754,2012-10-25,1365.68
1755,2012-10-24,1383.18
1756,2012-10-23,1382.73
1757,2012-10-22,1383.11
1758,2012-10-19,1390.04
1759,2012-10-18,1393.56
1760,2012-10-17,1402.08
1761,2012-10-16,1402.13
1762,2012-10-15,1412.57
1763,2012-10-12,1415.01
1764,2012-10-11,1425.73
1765,2012-10-10,1423.1
1766,2012-10-09,1419.18
1767,2012-10-08,1422.18
1768,2012-10-05,1415.91
1769,2012-10-04,1418.11
1770,2012-10-02,1426.28
1771,2012-09-28,1433.17
1772,2012-09-27,1437.12
1773,2012-09-26,1443.3
1774,2012-09-25,1439.97
1775,2012-09-24,1435.99
1776,2012-09-21,1428.57
1777,2012-09-20,1434.42
1778,2012-09-19,1411.85
1779,2012-09-18,1422.12
1780,2012-09-17,1426.29
1781,2012-09-14,1438.04
1782,2012-09-13,1452.57
1783,2012-09-12,1446.37
1784,2012-09-11,1439.07
1785,2012-09-10,1442.53
1786,2012-09-07,1431.38
1787,2012-09-06,1444.78
1788,2012-09-05,1451.45
1789,2012-09-04,1444.42
1790,2012-09-03,1444.61
1791,2012-08-31,1444.03
1792,2012-08-30,1441.56
1793,2012-08-29,1443.58
1794,2012-08-28,1445.02
1795,2012-08-27,1442.55
1796,2012-08-24,1444.2
1797,2012-08-23,1438.3
1798,2012-08-22,1429.92
1799,2012-08-21,1422.36
1800,2012-08-20,1426.69
1801,2012-08-17,1428.93
1802,2012-08-16,1431.64
1803,2012-08-14,1437.67
1804,2012-08-13,1445.57
1805,2012-08-10,1439.49
1806,2012-08-09,1435.3
1807,2012-08-08,1440.25
1808,2012-08-07,1437.13
1809,2012-08-06,1440.97
1810,2012-08-03,1448.93
1811,2012-08-02,1442.6
1812,2012-08-01,1442.28
1813,2012-07-31,1441.8
1814,2012-07-30,1455.53
1815,2012-07-27,1458.55
1816,2012-07-26,1467.31
1817,2012-07-25,1468.17
1818,2012-07-24,1467.13
1819,2012-07-23,1470.21
1820,2012-07-20,1451.02
1821,2012-07-19,1449.38
1822,2012-07-18,1444.84
1823,2012-07-17,1444.11
1824,2012-07-16,1450.61
1825,2012-07-13,1451.55
1826,2012-07-12,1451.17
1827,2012-07-11,1439.75
1828,2012-07-10,1439.92
1829,2012-07-09,1434.49
1830,2012-07-06,1425.98
1831,2012-07-05,1424.81
1832,2012-07-04,1424.19
1833,2012-07-03,1423.38
1834,2012-07-02,1434.13
1835,2012-06-29,1443.23
1836,2012-06-28,1457.68
1837,2012-06-27,1453.88
1838,2012-06-26,1459.99
1839,2012-06-25,1449.98
1840,2012-06-22,1441.54
1841,2012-06-21,1445.6
1842,2012-06-20,1458.44
1843,2012-06-19,1463.88
1844,2012-06-18,1466.61
1845,2012-06-15,1472.9
1846,2012-06-14,1469.81
1847,2012-06-13,1465.19
1848,2012-06-12,1469.33
1849,2012-06-11,1465.19
1850,2012-06-08,1482.32
1851,2012-06-07,1473.55
1852,2012-06-05,1510.17
1853,2012-06-04,1514.8
1854,2012-06-01,1506.52
1855,2012-05-31,1492.77
1856,2012-05-30,1484.94
1857,2012-05-29,1477.36
1858,2012-05-25,1482.23
1859,2012-05-24,1491.18
1860,2012-05-23,1477.22
1861,2012-05-22,1461.5
1862,2012-05-21,1470.22
1863,2012-05-18,1474.85
1864,2012-05-17,1448.84
1865,2012-05-16,1453.38
1866,2012-05-15,1442.69
1867,2012-05-14,1439.55
1868,2012-05-11,1435.01
1869,2012-05-10,1431.71
1870,2012-05-09,1429.47
1871,2012-05-08,1422.85
1872,2012-05-07,1425.62
1873,2012-05-04,1411.65
1874,2012-05-03,1405.98
1875,2012-05-02,1404.21
1876,2012-04-30,1407.81
1877,2012-04-27,1407.47
1878,2012-04-26,1398.64
1879,2012-04-25,1404.02
1880,2012-04-24,1404.81
1881,2012-04-23,1406.64
1882,2012-04-20,1396.03
1883,2012-04-19,1396.56
1884,2012-04-18,1394.68
1885,2012-04-17,1410.07
1886,2012-04-16,1411.39
1887,2012-04-13,1402.0
1888,2012-04-12,1406.02
1889,2012-04-10,1403.17
1890,2012-04-09,1400.02
1891,2012-04-06,1372.18
1892,2012-04-05,1374.76
1893,2012-04-04,1366.11
1894,2012-04-03,1367.73
1895,2012-04-02,1360.89
1896,2012-03-30,1378.3
1897,2012-03-29,1378.91
1898,2012-03-28,1369.62
1899,2012-03-27,1367.7
1900,2012-03-26,1376.86
1901,2012-03-23,1372.72
1902,2012-03-22,1365.61
1903,2012-03-21,1345.19
1904,2012-03-20,1346.48
1905,2012-03-19,1350.9
1906,2012-03-16,1344.39
1907,2012-03-15,1345.03
1908,2012-03-14,1351.27
1909,2012-03-13,1357.1
1910,2012-03-12,1366.73
1911,2012-03-09,1368.81
1912,2012-03-08,1371.44
1913,2012-03-07,1394.82
1914,2012-03-06,1380.96
1915,2012-03-05,1376.72
1916,2012-03-02,1369.43
1917,2012-02-29,1385.3
1918,2012-02-28,1393.71
1919,2012-02-27,1396.86
1920,2012-02-24,1399.23
1921,2012-02-23,1405.76
1922,2012-02-22,1404.34
1923,2012-02-21,1407.8
1924,2012-02-20,1414.73
1925,2012-02-17,1425.77
1926,2012-02-16,1439.1
1927,2012-02-15,1430.21
1928,2012-02-14,1441.77
1929,2012-02-13,1440.9
1930,2012-02-10,1449.1
1931,2012-02-09,1446.53
1932,2012-02-08,1447.85
1933,2012-02-07,1458.2
1934,2012-02-06,1463.22
1935,2012-02-03,1467.19
1936,2012-02-02,1468.93
1937,2012-02-01,1477.42
1938,2012-01-31,1470.9
1939,2012-01-30,1471.43
1940,2012-01-27,1457.47
1941,2012-01-26,1447.16
1942,2012-01-25,1443.68
1943,2012-01-20,1470.93
1944,2012-01-19,1481.05
1945,2012-01-18,1490.22
1946,2012-01-17,1491.58
1947,2012-01-16,1500.91
1948,2012-01-13,1497.2
1949,2012-01-12,1504.68
1950,2012-01-11,1503.57
1951,2012-01-10,1506.44
1952,2012-01-09,1508.45
1953,2012-01-06,1504.67
1954,2012-01-05,1502.02
1955,2012-01-04,1496.87
1956,2012-01-03,1498.7
1957,2012-01-02,1500.97
1958,2011-12-30,1493.17
1959,2011-12-29,1483.73
1960,2011-12-28,1486.43
1961,2011-12-27,1483.76
1962,2011-12-26,1480.51
1963,2011-12-23,1473.41
1964,2011-12-22,1473.94
1965,2011-12-21,1474.67
1966,2011-12-20,1490.18
1967,2011-12-19,1500.13
1968,2011-12-16,1485.31
1969,2011-12-15,1485.9
1970,2011-12-14,1483.14
1971,2011-12-13,1481.93
1972,2011-12-12,1476.57
1973,2011-12-09,1475.55
1974,2011-12-08,1457.1
1975,2011-12-07,1449.16
1976,2011-12-06,1453.94
1977,2011-12-05,1446.17
1978,2011-12-02,1449.87
1979,2011-12-01,1452.11
1980,2011-11-30,1468.59
1981,2011-11-29,1472.82
1982,2011-11-28,1484.56
1983,2011-11-25,1504.97
1984,2011-11-24,1494.43
1985,2011-11-23,1494.03
1986,2011-11-22,1485.57
1987,2011-11-21,1487.37
1988,2011-11-18,1482.88
1989,2011-11-17,1472.0
1990,2011-11-16,1470.17
1991,2011-11-15,1462.69
1992,2011-11-14,1459.55
1993,2011-11-11,1455.34
1994,2011-11-10,1458.92
1995,2011-11-09,1438.23
1996,2011-11-08,1434.25
1997,2011-11-07,1436.99
1998,2011-11-04,1427.11
1999,2011-11-03,1448.8
2000,2011-11-02,1431.5
2001,2011-11-01,1434.52
2002,2011-10-31,1403.7
2003,2011-10-28,1455.31
2004,2011-10-27,1465.09
2005,2011-10-26,1491.44
2006,2011-10-25,1480.56
2007,2011-10-24,1491.08
2008,2011-10-21,1499.74
2009,2011-10-20,1487.75
2010,2011-10-19,1477.14
2011,2011-10-18,1496.42
2012,2011-10-17,1471.58
2013,2011-10-14,1502.47
2014,2011-10-13,1502.73
2015,2011-10-12,1519.95
2016,2011-10-11,1525.42
2017,2011-10-10,1523.9
2018,2011-10-07,1538.86
2019,2011-10-06,1545.79
2020,2011-10-05,1556.02
2021,2011-10-04,1556.43
2022,2011-09-30,1534.36
2023,2011-09-29,1532.63
2024,2011-09-28,1528.9
2025,2011-09-27,1536.3
2026,2011-09-26,1560.7
2027,2011-09-23,1536.65
2028,2011-09-22,1561.52
2029,2011-09-21,1512.37
2030,2011-09-20,1495.56
2031,2011-09-19,1477.82
2032,2011-09-16,1444.3
2033,2011-09-15,1449.24
2034,2011-09-14,1441.57
2035,2011-09-09,1390.18
2036,2011-09-08,1387.85
2037,2011-09-07,1388.02
2038,2011-09-06,1385.48
2039,2011-09-05,1391.12
2040,2011-09-02,1382.63
2041,2011-09-01,1381.37
2042,2011-08-31,1391.64
2043,2011-08-30,1400.08
2044,2011-08-29,1402.45
2045,2011-08-26,1405.38
2046,2011-08-25,1408.18
2047,2011-08-24,1412.9
2048,2011-08-23,1405.82
2049,2011-08-22,1411.34
2050,2011-08-19,1419.13
2051,2011-08-18,1402.74
2052,2011-08-17,1399.48
2053,2011-08-16,1395.47
2054,2011-08-12,1409.02
2055,2011-08-11,1412.52
2056,2011-08-10,1411.06
2057,2011-08-09,1401.16
2058,2011-08-08,1388.17
2059,2011-08-05,1361.78
2060,2011-08-04,1337.53
2061,2011-08-03,1370.11
2062,2011-08-02,1360.11
2063,2011-08-01,1354.95
2064,2011-07-29,1358.07
2065,2011-07-28,1352.81
2066,2011-07-27,1352.17
2067,2011-07-26,1346.4
2068,2011-07-25,1349.45
2069,2011-07-22,1338.76
2070,2011-07-21,1338.96
2071,2011-07-20,1339.08
2072,2011-07-19,1336.83
2073,2011-07-18,1342.82
2074,2011-07-15,1337.41
2075,2011-07-14,1338.31
2076,2011-07-13,1336.7
2077,2011-07-12,1342.96
2078,2011-07-11,1312.37
2079,2011-07-08,1299.32
2080,2011-07-07,1315.01
2081,2011-07-06,1315.79
2082,2011-07-05,1313.03
2083,2011-07-04,1320.1
2084,2011-07-01,1321.69
2085,2011-06-30,1327.9
2086,2011-06-29,1326.92
2087,2011-06-28,1339.73
2088,2011-06-27,1344.39
2089,2011-06-24,1346.87
2090,2011-06-23,1338.51
2091,2011-06-22,1338.82
2092,2011-06-21,1344.31
2093,2011-06-20,1353.05
2094,2011-06-17,1350.53
2095,2011-06-16,1349.11
2096,2011-06-15,1341.96
2097,2011-06-14,1349.03
2098,2011-06-13,1349.33
2099,2011-06-10,1352.74
2100,2011-06-09,1352.74
2101,2011-06-08,1354.41
2102,2011-06-07,1347.14
2103,2011-06-03,1339.66
2104,2011-06-02,1333.54
2105,2011-06-01,1320.51
2106,2011-05-31,1321.53
2107,2011-05-30,1335.52
2108,2011-05-27,1337.04
2109,2011-05-26,1331.3
2110,2011-05-25,1338.89
2111,2011-05-24,1334.68
2112,2011-05-23,1346.25
2113,2011-05-20,1327.08
2114,2011-05-19,1326.58
2115,2011-05-18,1343.12
2116,2011-05-17,1334.31
2117,2011-05-16,1350.15
2118,2011-05-13,1346.82
2119,2011-05-12,1343.21
2120,2011-05-11,1332.59
2121,2011-05-09,1340.53
2122,2011-05-06,1350.75
2123,2011-05-04,1326.25
2124,2011-05-03,1321.15
2125,2011-05-02,1306.91
2126,2011-04-29,1311.98
2127,2011-04-28,1314.53
2128,2011-04-27,1319.68
2129,2011-04-26,1326.61
2130,2011-04-25,1318.42
2131,2011-04-22,1318.49
2132,2011-04-21,1315.79
2133,2011-04-20,1304.03
2134,2011-04-19,1321.85
2135,2011-04-18,1313.98
2136,2011-04-15,1309.31
2137,2011-04-14,1305.94
2138,2011-04-13,1294.82
2139,2011-04-12,1293.27
2140,2011-04-11,1283.23
2141,2011-04-08,1271.71
2142,2011-04-07,1276.83
2143,2011-04-06,1279.91
2144,2011-04-05,1293.31
2145,2011-04-04,1293.28
2146,2011-04-01,1303.31
2147,2011-03-31,1323.96
2148,2011-03-30,1325.55
2149,2011-03-29,1359.07
2150,2011-03-28,1362.69
2151,2011-03-25,1371.64
2152,2011-03-24,1384.15
2153,2011-03-23,1389.51
2154,2011-03-22,1381.01
2155,2011-03-21,1385.43
2156,2011-03-18,1386.47
2157,2011-03-17,1434.9
2158,2011-03-16,1399.41
2159,2011-03-15,1390.9
2160,2011-03-14,1377.25
2161,2011-03-11,1358.36
2162,2011-03-10,1355.3
2163,2011-03-09,1347.13
2164,2011-03-08,1355.97
2165,2011-03-07,1363.03
2166,2011-03-04,1354.2
2167,2011-03-03,1370.25
2168,2011-03-02,1376.24
2169,2011-02-28,1378.97
2170,2011-02-25,1376.45
2171,2011-02-24,1384.99
2172,2011-02-23,1358.52
2173,2011-02-22,1359.42
2174,2011-02-21,1344.28
2175,2011-02-18,1334.53
2176,2011-02-17,1336.92
2177,2011-02-16,1333.93
2178,2011-02-15,1342.51
2179,2011-02-14,1350.1
2180,2011-02-11,1349.86
2181,2011-02-10,1354.57
2182,2011-02-09,1342.78
2183,2011-02-08,1343.41
2184,2011-02-07,1344.52
2185,2011-02-01,1364.69
2186,2011-01-31,1366.02
2187,2011-01-28,1348.18
2188,2011-01-27,1346.62
2189,2011-01-26,1360.76
2190,2011-01-25,1356.58
2191,2011-01-24,1353.65
2192,2011-01-21,1355.24
2193,2011-01-20,1364.91
2194,2011-01-19,1352.8
2195,2011-01-18,1350.02
2196,2011-01-17,1346.76
2197,2011-01-14,1351.35
2198,2011-01-13,1339.19
2199,2011-01-12,1347.22
2200,2011-01-11,1352.75
2201,2011-01-10,1353.58
2202,2011-01-07,1346.45
2203,2011-01-06,1345.69
2204,2011-01-05,1373.39
2205,2011-01-04,1364.08
2206,2011-01-03,1383.42
2207,2010-12-31,1376.26
2208,2010-12-30,1391.24
2209,2010-12-29,1391.73
2210,2010-12-28,1394.15
2211,2010-12-27,1390.6
2212,2010-12-24,1387.21
2213,2010-12-23,1386.75
2214,2010-12-22,1375.15
2215,2010-12-21,1379.6
2216,2010-12-20,1377.3
2217,2010-12-17,1375.33
2218,2010-12-16,1370.12
2219,2010-12-15,1378.2
2220,2010-12-14,1368.93
2221,2010-12-13,1357.54
2222,2010-12-10,1361.68
2223,2010-12-09,1359.03
2224,2010-12-08,1364.02
2225,2010-12-07,1367.98
2226,2010-12-06,1370.44
2227,2010-12-03,1361.19
2228,2010-12-02,1370.61
2229,2010-12-01,1369.93
2230,2010-11-30,1379.7
2231,2010-11-29,1372.51
2232,2010-11-26,1373.88
2233,2010-11-25,1363.04
2234,2010-11-24,1383.57
2235,2010-11-23,1387.06
2236,2010-11-22,1350.83
2237,2010-11-19,1358.56
2238,2010-11-18,1361.62
2239,2010-11-17,1375.18
2240,2010-11-16,1355.66
2241,2010-11-15,1370.54
2242,2010-11-12,1376.45
2243,2010-11-11,1348.59
2244,2010-11-10,1359.46
2245,2010-11-09,1376.28
2246,2010-11-08,1371.92
2247,2010-11-05,1372.77
2248,2010-11-04,1364.2
2249,2010-11-03,1371.53
2250,2010-11-02,1380.96
2251,2010-11-01,1387.75
2252,2010-10-29,1392.5
2253,2010-10-28,1383.7
2254,2010-10-27,1380.45
2255,2010-10-26,1380.63
2256,2010-10-25,1386.16
2257,2010-10-22,1390.26
2258,2010-10-21,1391.29
2259,2010-10-20,1390.05
2260,2010-10-19,1385.2
2261,2010-10-18,1378.02
2262,2010-10-15,1370.41
2263,2010-10-14,1369.07
2264,2010-10-13,1368.24
2265,2010-10-12,1382.93
2266,2010-10-11,1363.91
2267,2010-10-08,1364.13
2268,2010-10-07,1354.22
2269,2010-10-06,1346.82
2270,2010-10-05,1353.33
2271,2010-10-04,1353.2
2272,2010-10-01,1352.07
2273,2010-09-30,1365.49
2274,2010-09-29,1366.36
2275,2010-09-28,1362.61
2276,2010-09-27,1363.1
2277,2010-09-24,1365.3
2278,2010-09-20,1355.04
2279,2010-09-17,1350.3
2280,2010-09-16,1358.8
2281,2010-09-15,1360.39
2282,2010-09-14,1393.16
2283,2010-09-13,1379.37
2284,2010-09-10,1389.88
2285,2010-09-09,1392.57
2286,2010-09-08,1397.23
2287,2010-09-07,1404.15
2288,2010-09-06,1393.12
2289,2010-09-03,1395.05
2290,2010-09-02,1402.76
2291,2010-09-01,1407.61
2292,2010-08-31,1420.73
2293,2010-08-30,1404.67
2294,2010-08-27,1411.8
2295,2010-08-26,1408.48
2296,2010-08-25,1409.83
2297,2010-08-24,1412.17
2298,2010-08-23,1384.89
2299,2010-08-20,1385.57
2300,2010-08-19,1369.95
2301,2010-08-18,1371.48
2302,2010-08-17,1378.19
2303,2010-08-16,1384.39
2304,2010-08-13,1381.04
2305,2010-08-12,1394.07
2306,2010-08-11,1387.0
2307,2010-08-10,1362.58
2308,2010-08-09,1356.94
2309,2010-08-06,1350.28
2310,2010-08-05,1349.94
2311,2010-08-04,1368.42
2312,2010-08-03,1359.2
2313,2010-08-02,1352.69
2314,2010-07-30,1372.22
2315,2010-07-29,1358.68
2316,2010-07-28,1348.03
2317,2010-07-27,1351.91
2318,2010-07-26,1363.84
2319,2010-07-23,1373.35
2320,2010-07-22,1388.66
2321,2010-07-21,1385.76
2322,2010-07-20,1390.9
2323,2010-07-19,1397.58
2324,2010-07-16,1380.66
2325,2010-07-15,1362.91
2326,2010-07-14,1348.71
2327,2010-07-13,1368.21
2328,2010-07-12,1354.99
2329,2010-07-09,1351.98
2330,2010-07-08,1371.17
2331,2010-07-07,1404.62
2332,2010-07-06,1386.87
2333,2010-07-05,1394.42
2334,2010-07-02,1394.32
2335,2010-07-01,1388.79
2336,2010-06-30,1375.38
2337,2010-06-29,1372.35
2338,2010-06-28,1347.06
2339,2010-06-25,1356.74
2340,2010-06-24,1335.57
2341,2010-06-23,1309.54
2342,2010-06-22,1304.16
2343,2010-06-21,1290.39
2344,2010-06-18,1320.46
2345,2010-06-17,1328.41
2346,2010-06-16,1321.7
2347,2010-06-15,1345.75
2348,2010-06-14,1329.17
2349,2010-06-11,1366.47
2350,2010-06-10,1367.67
2351,2010-06-09,1371.65
2352,2010-06-08,1350.49
2353,2010-06-07,1348.49
2354,2010-06-04,1296.16
2355,2010-06-03,1301.9
2356,2010-06-01,1352.81
2357,2010-05-31,1315.5
2358,2010-05-28,1304.78
2359,2010-05-27,1356.83
2360,2010-05-26,1390.24
2361,2010-05-25,1417.74
2362,2010-05-24,1344.51
2363,2010-05-20,1299.45
2364,2010-05-19,1267.1
2365,2010-05-18,1232.62
2366,2010-05-17,1253.12
2367,2010-05-14,1221.93
2368,2010-05-13,1208.49
2369,2010-05-12,1225.52
2370,2010-05-11,1225.93
2371,2010-05-10,1206.9
2372,2010-05-07,1251.22
2373,2010-05-06,1222.22
2374,2010-05-04,1177.74
2375,2010-05-03,1189.84
2376,2010-04-30,1176.03
2377,2010-04-29,1185.56
2378,2010-04-28,1200.02
2379,2010-04-27,1185.63
2380,2010-04-26,1172.33
2381,2010-04-23,1188.41
2382,2010-04-22,1190.95
2383,2010-04-21,1189.25
2384,2010-04-20,1201.68
2385,2010-04-19,1219.25
2386,2010-04-16,1198.51
2387,2010-04-15,1191.6
2388,2010-04-14,1192.06
2389,2010-04-13,1202.96
2390,2010-04-12,1194.07
2391,2010-04-09,1192.69
2392,2010-04-08,1206.01
2393,2010-04-07,1194.84
2394,2010-04-06,1197.04
2395,2010-04-05,1187.45
2396,2010-04-02,1198.51
2397,2010-04-01,1203.53
2398,2010-03-31,1210.2
2399,2010-03-30,1222.17
2400,2010-03-29,1222.62
2401,2010-03-26,1230.16
2402,2010-03-25,1242.78
2403,2010-03-24,1255.66
2404,2010-03-23,1262.2
2405,2010-03-22,1254.0
2406,2010-03-19,1252.29
2407,2010-03-18,1258.13
2408,2010-03-17,1247.43
2409,2010-03-16,1256.23
2410,2010-03-15,1252.15
2411,2010-03-12,1245.64
2412,2010-03-11,1254.01
2413,2010-03-10,1257.5
2414,2010-03-09,1261.95
2415,2010-03-08,1251.94
2416,2010-03-05,1276.0
2417,2010-03-04,1297.85
2418,2010-03-03,1290.5
2419,2010-03-02,1291.73
2420,2010-02-26,1297.15
2421,2010-02-25,1300.21
2422,2010-02-24,1277.54
2423,2010-02-23,1260.86
2424,2010-02-22,1253.41
2425,2010-02-19,1262.79
2426,2010-02-18,1263.89
2427,2010-02-17,1267.6
2428,2010-02-16,1281.31
2429,2010-02-12,1280.83
2430,2010-02-11,1286.1
2431,2010-02-10,1290.23
2432,2010-02-09,1296.75
2433,2010-02-08,1309.94
2434,2010-02-05,1308.67
2435,2010-02-04,1266.75
2436,2010-02-03,1271.31
2437,2010-02-02,1278.4
2438,2010-02-01,1292.75
2439,2010-01-29,1281.85
2440,2010-01-28,1275.19
2441,2010-01-27,1301.06
2442,2010-01-26,1291.18
2443,2010-01-25,1273.68
2444,2010-01-22,1267.0
2445,2010-01-21,1244.13
2446,2010-01-20,1251.1
2447,2010-01-19,1245.58
2448,2010-01-18,1236.95
2449,2010-01-15,1236.25
2450,2010-01-14,1221.5
2451,2010-01-13,1234.37
2452,2010-01-12,1223.31
2453,2010-01-11,1212.1
2454,2010-01-08,1213.29
2455,2010-01-07,1225.18
2456,2010-01-06,1235.62
2457,2010-01-05,1241.16
2458,2010-01-04,1238.59
2459,2009-12-31,1256.1
2460,2009-12-30,1262.21
2461,2009-12-29,1275.75
2462,2009-12-28,1278.54
2463,2009-12-24,1289.9
2464,2009-12-23,1291.99
2465,2009-12-22,1293.33
2466,2009-12-21,1309.3
2467,2009-12-18,1309.96
2468,2009-12-17,1314.56
2469,2009-12-16,1298.94
2470,2009-12-15,1303.41
2471,2009-12-14,1307.29
2472,2009-12-11,1312.02
2473,2009-12-10,1323.75
2474,2009-12-09,1321.96
2475,2009-12-08,1300.29
2476,2009-12-07,1285.36
2477,2009-12-04,1304.3
2478,2009-12-03,1310.64
2479,2009-12-02,1324.12
2480,2009-12-01,1333.72
2481,2009-11-30,1347.34
2482,2009-11-27,1372.98
2483,2009-11-26,1331.22
2484,2009-11-25,1305.33
2485,2009-11-24,1306.82
2486,2009-11-23,1302.61
2487,2009-11-20,1305.57
2488,2009-11-19,1301.85
2489,2009-11-18,1294.03
2490,2009-11-17,1298.38
2491,2009-11-16,1287.95
2492,2009-11-13,1284.32
2493,2009-11-12,1290.81
2494,2009-11-11,1285.84
2495,2009-11-10,1290.04
2496,2009-11-09,1285.19
2497,2009-11-06,1290.32
2498,2009-11-05,1308.68
2499,2009-11-04,1304.8
2500,2009-11-03,1313.28
2501,2009-11-02,1314.39
2502,2009-10-30,1299.67
2503,2009-10-29,1316.05
2504,2009-10-28,1309.93
2505,2009-10-27,1287.9
2506,2009-10-26,1280.2
2507,2009-10-23,1287.44
2508,2009-10-22,1305.82
2509,2009-10-21,1298.4
2510,2009-10-20,1293.5
2511,2009-10-19,1291.0
2512,2009-10-16,1276.05
2513,2009-10-15,1291.6
2514,2009-10-14,1306.4
2515,2009-10-13,1298.02
2516,2009-10-12,1294.92
2517,2009-10-09,1304.2
2518,2009-10-08,1321.36
2519,2009-10-07,1326.5
2520,2009-10-06,1312.22
2521,2009-10-05,1304.66
2522,2009-10-01,1305.29
2523,2009-09-30,1311.66
2524,2009-09-29,1323.79
2525,2009-09-28,1333.41
2526,2009-09-25,1308.21
2527,2009-09-24,1314.57
2528,2009-09-23,1314.69
2529,2009-09-22,1315.41
2530,2009-09-21,1310.99
2531,2009-09-18,1326.42
2532,2009-09-17,1331.42
2533,2009-09-16,1337.95
2534,2009-09-15,1334.61
2535,2009-09-14,1354.1
2536,2009-09-11,1344.19
2537,2009-09-10,1326.75
2538,2009-09-09,1327.71
2539,2009-09-08,1331.64
2540,2009-09-07,1324.71
2541,2009-09-04,1338.11
2542,2009-09-03,1348.67
2543,2009-09-02,1347.96
2544,2009-09-01,1332.87
2545,2009-08-31,1346.88
2546,2009-08-28,1325.71
2547,2009-08-27,1334.05
2548,2009-08-26,1323.81
2549,2009-08-25,1324.2
2550,2009-08-24,1308.86
2551,2009-08-21,1330.14
2552,2009-08-20,1322.13
2553,2009-08-19,1334.22
2554,2009-08-18,1312.97
2555,2009-08-17,1327.46
2556,2009-08-14,1302.29
2557,2009-08-13,1283.89
2558,2009-08-12,1311.65
2559,2009-08-11,1277.36
2560,2009-08-10,1260.91
2561,2009-08-07,1288.4
2562,2009-08-06,1286.25
2563,2009-08-05,1289.61
2564,2009-08-04,1285.92
2565,2009-08-03,1286.87
2566,2009-07-31,1285.42
2567,2009-07-30,1300.37
2568,2009-07-29,1316.6
2569,2009-07-28,1299.2
2570,2009-07-27,1307.05
2571,2009-07-24,1314.9
2572,2009-07-23,1323.26
2573,2009-07-22,1337.76
2574,2009-07-21,1328.37
2575,2009-07-20,1318.04
2576,2009-07-17,1346.3
2577,2009-07-16,1354.27
2578,2009-07-15,1366.26
2579,2009-07-14,1388.26
2580,2009-07-13,1415.04
2581,2009-07-10,1383.8
2582,2009-07-09,1368.88
2583,2009-07-08,1357.2
2584,2009-07-07,1341.23
2585,2009-07-06,1336.94
2586,2009-07-03,1323.53
2587,2009-07-02,1312.55
2588,2009-07-01,1305.79
2589,2009-06-30,1330.96
2590,2009-06-29,1344.46
2591,2009-06-26,1338.79
2592,2009-06-25,1337.38
2593,2009-06-24,1346.48
2594,2009-06-23,1352.4
2595,2009-06-22,1329.69
2596,2009-06-19,1308.21
2597,2009-06-18,1320.05
2598,2009-06-17,1307.87
2599,2009-06-16,1302.75
2600,2009-06-15,1287.37
2601,2009-06-12,1280.51
2602,2009-06-11,1282.34
2603,2009-06-10,1276.65
2604,2009-06-09,1287.72
2605,2009-06-08,1274.72
2606,2009-06-05,1287.09
2607,2009-06-04,1293.64
2608,2009-06-03,1284.33
2609,2009-06-02,1286.01
2610,2009-06-01,1304.6
2611,2009-05-29,1300.6
2612,2009-05-28,1299.52
2613,2009-05-27,1330.96
2614,2009-05-26,1337.06
2615,2009-05-25,1319.78
2616,2009-05-22,1323.11
2617,2009-05-21,1318.44
2618,2009-05-20,1296.2
2619,2009-05-19,1285.85
2620,2009-05-18,1317.55
2621,2009-05-15,1325.29
2622,2009-05-14,1325.66
2623,2009-05-13,1290.36
2624,2009-05-12,1267.79
2625,2009-05-11,1275.05
2626,2009-05-08,1253.77
2627,2009-05-07,1276.66
2628,2009-05-06,1291.37
2629,2009-05-04,1282.51
2630,2009-04-30,1320.37
2631,2009-04-29,1379.99
2632,2009-04-28,1414.51
2633,2009-04-27,1392.51
2634,2009-04-24,1381.65
2635,2009-04-23,1370.25
2636,2009-04-22,1377.7
2637,2009-04-21,1375.92
2638,2009-04-20,1349.55
2639,2009-04-17,1342.07
2640,2009-04-16,1351.16
2641,2009-04-15,1347.22
2642,2009-04-14,1326.95
2643,2009-04-13,1316.97
2644,2009-04-10,1327.63
2645,2009-04-09,1323.02
2646,2009-04-08,1356.88
2647,2009-04-07,1316.31
2648,2009-04-06,1302.82
2649,2009-04-03,1347.06
2650,2009-04-02,1344.18
2651,2009-04-01,1397.65
2652,2009-03-31,1390.53
2653,2009-03-30,1449.5
2654,2009-03-27,1376.81
2655,2009-03-26,1364.61
2656,2009-03-25,1396.85
2657,2009-03-24,1404.87
2658,2009-03-23,1448.66
2659,2009-03-20,1488.03
2660,2009-03-19,1459.18
2661,2009-03-18,1440.66
2662,2009-03-17,1428.5
2663,2009-03-16,1458.55
2664,2009-03-13,1514.69
2665,2009-03-12,1554.75
2666,2009-03-11,1501.32
2667,2009-03-10,1537.37
2668,2009-03-09,1570.17
2669,2009-03-06,1591.38
2670,2009-03-05,1571.54
2671,2009-03-04,1565.09
2672,2009-03-03,1586.35
2673,2009-03-02,1616.55
2674,2009-02-27,1569.09
2675,2009-02-26,1548.13
2676,2009-02-25,1561.21
2677,2009-02-24,1591.17
2678,2009-02-23,1588.17
2679,2009-02-20,1607.47
2680,2009-02-19,1589.69
2681,2009-02-18,1580.94
2682,2009-02-17,1584.37
2683,2009-02-16,1558.27
2684,2009-02-13,1540.37
2685,2009-02-12,1554.94
2686,2009-02-11,1549.48
2687,2009-02-10,1513.45
2688,2009-02-09,1515.45
2689,2009-02-06,1508.21
2690,2009-02-05,1544.73
2691,2009-02-04,1554.98
2692,2009-02-03,1552.11
2693,2009-02-02,1557.67
2694,2009-01-30,1544.27
2695,2009-01-29,1526.93
2696,2009-01-28,1546.32
2697,2009-01-23,1575.88
2698,2009-01-22,1542.34
2699,2009-01-21,1531.69
2700,2009-01-20,1516.87
2701,2009-01-19,1509.64
2702,2009-01-16,1507.43
2703,2009-01-15,1551.07
2704,2009-01-14,1495.83
2705,2009-01-13,1517.67
2706,2009-01-12,1502.5
2707,2009-01-09,1464.94
2708,2009-01-08,1454.15
2709,2009-01-07,1384.73
2710,2009-01-06,1395.2
2711,2009-01-05,1429.04
2712,2009-01-02,1455.5
2713,2008-12-31,1452.33
2714,2008-12-30,1466.84
2715,2008-12-29,1420.36
2716,2008-12-26,1440.1
2717,2008-12-24,1453.24
2718,2008-12-23,1499.78
2719,2008-12-22,1465.18
2720,2008-12-19,1453.03
2721,2008-12-18,1470.02
2722,2008-12-17,1485.08
2723,2008-12-16,1507.64
2724,2008-12-15,1508.91
2725,2008-12-12,1528.89
2726,2008-12-11,1467.7
2727,2008-12-10,1504.7
2728,2008-12-09,1567.78
2729,2008-12-08,1549.63
2730,2008-12-05,1599.63
2731,2008-12-04,1589.88
2732,2008-12-03,1576.41
2733,2008-12-02,1576.34
2734,2008-12-01,1531.31
2735,2008-11-28,1535.15
2736,2008-11-27,1553.66
2737,2008-11-26,1555.08
2738,2008-11-25,1555.98
2739,2008-11-24,1590.55
2740,2008-11-21,1584.21
2741,2008-11-20,1575.63
2742,2008-11-19,1495.55
2743,2008-11-18,1485.73
2744,2008-11-17,1445.34
2745,2008-11-14,1442.51
2746,2008-11-13,1449.43
2747,2008-11-12,1382.87
2748,2008-11-11,1376.28
2749,2008-11-10,1345.51
2750,2008-11-07,1358.04
2751,2008-11-06,1352.98
2752,2008-11-05,1278.79
2753,2008-11-04,1291.23
2754,2008-11-03,1274.47
2755,2008-10-31,1335.39
2756,2008-10-30,1287.93
2757,2008-10-29,1466.18
2758,2008-10-28,1546.74
2759,2008-10-27,1569.89
2760,2008-10-24,1526.23
2761,2008-10-23,1443.0
2762,2008-10-22,1374.82
2763,2008-10-21,1308.88
2764,2008-10-20,1287.45
2765,2008-10-17,1296.39
2766,2008-10-16,1338.31
2767,2008-10-15,1224.15
2768,2008-10-14,1177.1
2769,2008-10-13,1229.85
2770,2008-10-10,1297.76
2771,2008-10-09,1357.26
2772,2008-10-08,1391.94
2773,2008-10-07,1286.91
2774,2008-10-06,1231.36
2775,2008-10-02,1162.14
2776,2008-10-01,1116.44
2777,2008-09-30,1152.38
2778,2008-09-29,1116.03
2779,2008-09-26,1106.79
2780,2008-09-25,1091.17
2781,2008-09-24,1088.12
2782,2008-09-23,1080.34
2783,2008-09-22,1071.02
2784,2008-09-19,1056.35
2785,2008-09-18,1086.81
2786,2008-09-17,1062.26
2787,2008-09-16,1118.17
2788,2008-09-12,1031.88
2789,2008-09-11,1034.82
2790,2008-09-10,1018.55
2791,2008-09-09,1023.7
2792,2008-09-08,997.61
2793,2008-09-05,1052.41
2794,2008-09-04,1038.55
2795,2008-09-03,1053.19
2796,2008-09-02,1047.48
2797,2008-09-01,1036.5
2798,2008-08-29,1001.47
2799,2008-08-28,992.29
2800,2008-08-27,992.77
2801,2008-08-26,993.07
2802,2008-08-25,981.26
2803,2008-08-22,974.44
2804,2008-08-21,968.31
2805,2008-08-20,953.39
2806,2008-08-19,953.13
2807,2008-08-18,950.43
2808,2008-08-14,949.24
2809,2008-08-13,954.45
2810,2008-08-12,941.49
2811,2008-08-11,940.63
2812,2008-08-08,935.05
2813,2008-08-07,928.82
2814,2008-08-06,937.61
2815,2008-08-05,943.55
2816,2008-08-04,944.4
2817,2008-08-01,944.25
2818,2008-07-31,938.69
2819,2008-07-30,937.73
2820,2008-07-29,937.55
2821,2008-07-28,933.64
2822,2008-07-25,945.87
2823,2008-07-24,933.97
2824,2008-07-23,940.88
2825,2008-07-22,955.13
2826,2008-07-21,956.38
2827,2008-07-18,953.72
2828,2008-07-17,962.55
2829,2008-07-16,968.15
2830,2008-07-15,956.73
2831,2008-07-14,941.96
2832,2008-07-11,935.02
2833,2008-07-10,935.75
2834,2008-07-09,937.41
2835,2008-07-08,966.68
2836,2008-07-07,970.14
2837,2008-07-04,983.98
2838,2008-07-03,986.04
2839,2008-07-02,982.56
2840,2008-07-01,988.2
2841,2008-06-30,992.88
2842,2008-06-27,975.21
2843,2008-06-26,959.78
2844,2008-06-25,962.75
2845,2008-06-24,958.31
2846,2008-06-23,968.82
2847,2008-06-20,954.99
2848,2008-06-19,955.92
2849,2008-06-18,952.82
2850,2008-06-17,951.72
2851,2008-06-16,958.53
2852,2008-06-13,965.29
2853,2008-06-12,963.42
2854,2008-06-11,958.14
2855,2008-06-10,961.75
2856,2008-06-09,980.8
2857,2008-06-05,966.39
2858,2008-06-04,970.06
2859,2008-06-03,975.72
2860,2008-06-02,974.49
2861,2008-05-30,976.58
2862,2008-05-29,981.52
2863,2008-05-28,996.73
2864,2008-05-27,1002.41
2865,2008-05-26,1015.0
2866,2008-05-23,1007.02
2867,2008-05-22,1011.91
2868,2008-05-21,1010.07
2869,2008-05-20,1006.74
2870,2008-05-19,1001.63
2871,2008-05-16,996.36
2872,2008-05-15,997.99
2873,2008-05-14,999.14
2874,2008-05-13,1006.27
2875,2008-05-09,1013.29
2876,2008-05-08,1009.15
2877,2008-05-07,977.52
2878,2008-05-06,968.37
2879,2008-05-02,964.89
2880,2008-04-30,964.9
2881,2008-04-29,960.19
2882,2008-04-28,953.23
2883,2008-04-25,954.11
2884,2008-04-24,960.2
2885,2008-04-23,963.78
2886,2008-04-22,968.01
2887,2008-04-21,957.51
2888,2008-04-18,975.88
2889,2008-04-17,976.43
2890,2008-04-16,973.92
2891,2008-04-15,977.61
2892,2008-04-14,973.08
2893,2008-04-11,960.52
2894,2008-04-10,964.91
2895,2008-04-08,956.49
2896,2008-04-07,948.44
2897,2008-04-04,951.44
2898,2008-04-03,949.95
2899,2008-04-02,957.94
2900,2008-04-01,981.84
2901,2008-03-31,995.88
2902,2008-03-28,992.8
2903,2008-03-27,995.67
2904,2008-03-26,984.63
2905,2008-03-25,973.09
2906,2008-03-24,997.7
2907,2008-03-21,1006.52
2908,2008-03-20,1019.17
2909,2008-03-19,1017.24
2910,2008-03-18,1042.67
2911,2008-03-17,1058.3
2912,2008-03-14,993.33
2913,2008-03-13,979.46
2914,2008-03-12,942.19
2915,2008-03-11,950.51
2916,2008-03-10,947.3
2917,2008-03-07,935.06
2918,2008-03-06,915.37
2919,2008-03-05,915.35
2920,2008-03-04,915.26
2921,2008-03-03,921.29
2922,2008-02-29,898.99
2923,2008-02-28,881.0
2924,2008-02-27,880.51
2925,2008-02-26,877.13
2926,2008-02-25,883.01
2927,2008-02-22,882.57
2928,2008-02-21,877.09
2929,2008-02-20,879.59
2930,2008-02-19,875.03
2931,2008-02-18,876.33
2932,2008-02-15,872.67
2933,2008-02-14,872.85
2934,2008-02-13,882.95
2935,2008-02-12,883.72
2936,2008-02-11,885.53
2937,2008-02-05,881.08
2938,2008-02-04,882.44
2939,2008-02-01,887.41
2940,2008-01-31,885.96
2941,2008-01-30,886.21
2942,2008-01-29,884.18
2943,2008-01-28,892.67
2944,2008-01-25,879.65
2945,2008-01-24,893.81
2946,2008-01-23,895.49
2947,2008-01-22,900.0
2948,2008-01-21,892.71
2949,2008-01-18,879.64
2950,2008-01-17,880.45
2951,2008-01-16,884.13
2952,2008-01-15,868.88
2953,2008-01-14,866.67
2954,2008-01-11,862.16
2955,2008-01-10,854.31
2956,2008-01-09,855.29
2957,2008-01-08,860.16
2958,2008-01-07,860.63
2959,2008-01-04,858.65
2960,2008-01-03,854.56
2961,2008-01-02,840.65
2962,2007-12-31,832.14
2963,2007-12-28,827.31
2964,2007-12-27,823.41
2965,2007-12-26,822.6
2966,2007-12-24,823.63
2967,2007-12-21,832.11
2968,2007-12-20,833.66
2969,2007-12-18,831.18
2970,2007-12-17,826.19
2971,2007-12-14,827.86
2972,2007-12-13,827.52
2973,2007-12-12,834.31
2974,2007-12-11,825.74
2975,2007-12-10,827.23
2976,2007-12-07,826.1
2977,2007-12-06,831.77
2978,2007-12-05,835.94
2979,2007-12-04,837.11
2980,2007-12-03,836.73
2981,2007-11-30,835.46
2982,2007-11-29,845.81
2983,2007-11-28,857.01
2984,2007-11-27,858.87
2985,2007-11-26,858.08
2986,2007-11-23,863.27
2987,2007-11-22,858.56
2988,2007-11-21,852.2
2989,2007-11-20,836.31
2990,2007-11-19,832.2
2991,2007-11-16,833.02
2992,2007-11-15,823.29
2993,2007-11-14,820.75
2994,2007-11-13,834.65
2995,2007-11-12,826.35
2996,2007-11-09,805.9
2997,2007-11-08,806.84
2998,2007-11-07,796.57
2999,2007-11-06,792.28
3000,2007-11-05,793.01
3001,2007-11-02,790.02
3002,2007-11-01,782.68
3003,2007-10-31,784.92
3004,2007-10-30,792.35
3005,2007-10-29,793.53
3006,2007-10-26,795.09
3007,2007-10-25,803.68
3008,2007-10-24,803.27
3009,2007-10-23,801.05
3010,2007-10-22,804.39
3011,2007-10-19,794.97
3012,2007-10-18,787.47
3013,2007-10-17,788.8
3014,2007-10-16,784.86
3015,2007-10-15,779.41
3016,2007-10-12,782.53
3017,2007-10-11,781.57
3018,2007-10-10,781.16
3019,2007-10-09,783.03
3020,2007-10-08,780.98
3021,2007-10-05,786.66
3022,2007-10-04,786.02
3023,2007-10-02,791.6
3024,2007-10-01,791.91
3025,2007-09-28,793.96
3026,2007-09-27,795.69
3027,2007-09-21,801.3
3028,2007-09-20,797.84
3029,2007-09-19,800.6
3030,2007-09-18,810.01
3031,2007-09-17,807.39
3032,2007-09-14,804.84
3033,2007-09-13,814.25
3034,2007-09-12,817.98
3035,2007-09-11,824.93
3036,2007-09-10,830.11
3037,2007-09-07,814.87
3038,2007-09-06,813.16
3039,2007-09-05,810.1
3040,2007-09-04,812.04
3041,2007-09-03,808.94
3042,2007-08-31,807.42
3043,2007-08-30,813.79
3044,2007-08-29,822.79
3045,2007-08-28,812.96
3046,2007-08-27,807.54
3047,2007-08-24,812.09
3048,2007-08-23,812.92
3049,2007-08-22,820.83
3050,2007-08-21,825.46
3051,2007-08-20,817.3
3052,2007-08-17,842.55
3053,2007-08-16,816.41
3054,2007-08-14,790.79
3055,2007-08-13,787.26
3056,2007-08-10,790.15
3057,2007-08-09,774.7
3058,2007-08-08,775.92
3059,2007-08-07,776.2
3060,2007-08-06,784.0
3061,2007-08-03,773.79
3062,2007-08-02,776.9
3063,2007-08-01,784.98
3064,2007-07-31,771.81
3065,2007-07-30,777.71
3066,2007-07-27,774.54
3067,2007-07-26,762.24
3068,2007-07-25,761.98
3069,2007-07-24,757.71
3070,2007-07-23,755.86
3071,2007-07-20,748.34
3072,2007-07-19,751.5
3073,2007-07-18,752.57
3074,2007-07-16,753.06
3075,2007-07-13,748.37
3076,2007-07-12,752.03
3077,2007-07-11,757.73
3078,2007-07-10,746.21
3079,2007-07-09,744.58
3080,2007-07-06,746.67
3081,2007-07-05,750.63
3082,2007-07-04,751.74
3083,2007-07-03,748.96
3084,2007-07-02,751.3
3085,2007-06-29,748.74
3086,2007-06-28,753.33
3087,2007-06-27,756.13
3088,2007-06-26,751.07
3089,2007-06-25,748.28
3090,2007-06-22,748.91
3091,2007-06-21,749.09
3092,2007-06-20,752.84
3093,2007-06-19,750.63
3094,2007-06-18,751.42
3095,2007-06-15,754.67
3096,2007-06-14,756.63
3097,2007-06-13,761.65
3098,2007-06-12,763.39
3099,2007-06-11,766.42
3100,2007-06-08,769.36
3101,2007-06-07,763.87
3102,2007-06-05,760.4
3103,2007-06-04,760.86
3104,2007-06-01,761.61
3105,2007-05-31,762.28
3106,2007-05-30,765.63
3107,2007-05-29,764.15
3108,2007-05-28,763.38
3109,2007-05-25,764.66
3110,2007-05-23,765.26
3111,2007-05-22,767.02
3112,2007-05-21,766.92
3113,2007-05-18,770.46
3114,2007-05-17,767.53
3115,2007-05-16,767.82
3116,2007-05-15,769.21
3117,2007-05-14,768.35
3118,2007-05-11,772.85
3119,2007-05-10,770.47
3120,2007-05-09,770.74
3121,2007-05-08,769.94
3122,2007-05-07,769.5
3123,2007-05-04,771.33
3124,2007-05-03,771.2
3125,2007-05-02,775.65
3126,2007-04-30,778.52
3127,2007-04-27,777.31
3128,2007-04-26,781.66
3129,2007-04-25,782.22
3130,2007-04-24,782.63
3131,2007-04-23,782.94
3132,2007-04-20,781.38
3133,2007-04-19,787.12
3134,2007-04-18,781.12
3135,2007-04-17,778.84
3136,2007-04-16,779.16
3137,2007-04-13,783.01
3138,2007-04-12,781.19
3139,2007-04-11,782.24
3140,2007-04-10,784.07
3141,2007-04-09,781.87
3142,2007-04-06,784.49
3143,2007-04-05,785.8
3144,2007-04-04,787.27
3145,2007-04-03,792.09
3146,2007-04-02,796.69
3147,2007-03-30,798.39
3148,2007-03-29,801.18
3149,2007-03-28,800.19
3150,2007-03-27,797.64
3151,2007-03-26,794.7
3152,2007-03-23,793.89
3153,2007-03-22,799.73
3154,2007-03-21,799.25
3155,2007-03-20,800.08
3156,2007-03-19,804.66
3157,2007-03-16,807.52
3158,2007-03-15,805.06
3159,2007-03-14,816.9
3160,2007-03-13,805.01
3161,2007-03-12,797.36
3162,2007-03-09,805.84
3163,2007-03-08,811.84
3164,2007-03-07,814.96
3165,2007-03-06,814.04
3166,2007-03-05,823.01
3167,2007-03-02,801.39
3168,2007-02-28,795.84
3169,2007-02-27,781.42
3170,2007-02-26,775.98
3171,2007-02-23,771.91
3172,2007-02-22,775.69
3173,2007-02-21,779.74
3174,2007-02-20,782.47
3175,2007-02-16,784.19
3176,2007-02-15,779.19
3177,2007-02-14,773.77
3178,2007-02-13,773.76
3179,2007-02-12,768.84
3180,2007-02-09,769.66
3181,2007-02-08,772.36
3182,2007-02-07,775.24
3183,2007-02-06,775.28
3184,2007-02-05,774.03
3185,2007-02-02,775.76
3186,2007-02-01,777.1
3187,2007-01-31,775.11
3188,2007-01-30,774.0
3189,2007-01-29,770.71
3190,2007-01-26,774.07
3191,2007-01-25,776.7
3192,2007-01-24,774.19
3193,2007-01-23,773.15
3194,2007-01-22,774.32
3195,2007-01-19,771.95
3196,2007-01-18,773.19
3197,2007-01-17,776.43
3198,2007-01-16,777.92
3199,2007-01-15,780.28
3200,2007-01-12,779.24
3201,2007-01-11,783.27
3202,2007-01-10,786.68
3203,2007-01-09,788.52
3204,2007-01-08,793.14
3205,2007-01-05,789.89
3206,2007-01-04,779.72
3207,2007-01-03,779.41
3208,2007-01-02,780.18
3209,2006-12-29,781.78
3210,2006-12-28,782.18
3211,2006-12-27,784.59
3212,2006-12-26,781.82
3213,2006-12-22,784.69
3214,2006-12-21,782.86
3215,2006-12-20,783.78
3216,2006-12-19,789.61
3217,2006-12-18,785.68
3218,2006-12-15,782.64
3219,2006-12-14,783.84
3220,2006-12-13,788.55
3221,2006-12-12,789.1
3222,2006-12-11,792.42
3223,2006-12-08,798.25
3224,2006-12-07,795.32
3225,2006-12-06,799.69
3226,2006-12-05,802.13
3227,2006-12-04,802.49
3228,2006-12-01,801.0
3229,2006-11-30,800.4
3230,2006-11-29,803.75
3231,2006-11-28,801.52
3232,2006-11-27,801.41
3233,2006-11-24,801.67
3234,2006-11-23,798.44
3235,2006-11-22,794.1
3236,2006-11-21,791.72
3237,2006-11-20,793.52
3238,2006-11-17,793.78
3239,2006-11-16,794.22
3240,2006-11-15,798.69
3241,2006-11-14,796.65
3242,2006-11-13,797.12
3243,2006-11-10,794.03
3244,2006-11-09,794.2
3245,2006-11-08,794.9
3246,2006-11-07,796.79
3247,2006-11-06,798.1
3248,2006-11-03,800.31
3249,2006-11-02,800.72
3250,2006-11-01,803.06
3251,2006-10-31,801.62
3252,2006-10-30,804.67
3253,2006-10-27,799.48
3254,2006-10-26,799.63
3255,2006-10-25,801.64
3256,2006-10-24,802.04
3257,2006-10-23,807.34
3258,2006-10-20,808.89
3259,2006-10-19,806.23
3260,2006-10-18,806.72
3261,2006-10-17,801.36
3262,2006-10-16,798.71
3263,2006-10-13,800.6
3264,2006-10-12,801.91
3265,2006-10-11,801.3
3266,2006-10-10,806.3
3267,2006-10-09,808.3
3268,2006-10-04,804.8
3269,2006-10-02,801.06
3270,2006-09-29,802.27
3271,2006-09-28,803.25
3272,2006-09-27,806.31
3273,2006-09-26,811.24
3274,2006-09-25,812.25
3275,2006-09-22,813.05
3276,2006-09-21,806.47
3277,2006-09-20,811.75
3278,2006-09-19,807.22
3279,2006-09-18,810.59
3280,2006-09-15,812.7
3281,2006-09-14,814.09
3282,2006-09-13,815.41
3283,2006-09-12,815.4
3284,2006-09-11,817.4
3285,2006-09-08,823.12
3286,2006-09-07,817.86
3287,2006-09-06,823.15
3288,2006-09-05,825.79
3289,2006-09-04,822.37
3290,2006-09-01,818.84
3291,2006-08-31,819.2
3292,2006-08-30,821.15
3293,2006-08-29,821.79
3294,2006-08-28,823.09
3295,2006-08-25,820.94
3296,2006-08-24,823.91
3297,2006-08-23,821.82
3298,2006-08-22,823.9
3299,2006-08-21,827.22
3300,2006-08-18,826.59
3301,2006-08-17,831.46
3302,2006-08-16,831.28
3303,2006-08-14,830.01
3304,2006-08-11,830.7
3305,2006-08-10,832.59
3306,2006-08-09,832.61
3307,2006-08-08,836.4
3308,2006-08-07,839.23
3309,2006-08-04,837.28
3310,2006-08-03,841.57
3311,2006-08-02,840.14
3312,2006-08-01,832.68
3313,2006-07-31,835.33
3314,2006-07-28,826.1
3315,2006-07-27,820.01
3316,2006-07-26,816.11
3317,2006-07-25,815.94
3318,2006-07-24,815.79
3319,2006-07-21,816.59
3320,2006-07-20,814.7
3321,2006-07-19,815.72
3322,2006-07-18,820.16
3323,2006-07-14,822.03
3324,2006-07-13,822.53
3325,2006-07-12,830.02
3326,2006-07-11,828.06
3327,2006-07-10,829.01
3328,2006-07-07,822.97
3329,2006-07-06,822.08
3330,2006-07-05,823.22
3331,2006-07-04,824.15
3332,2006-07-03,824.88
3333,2006-06-30,826.93
3334,2006-06-29,824.75
3335,2006-06-28,823.62
3336,2006-06-27,825.06
3337,2006-06-26,824.47
3338,2006-06-23,823.87
3339,2006-06-22,830.88
3340,2006-06-21,832.94
3341,2006-06-20,833.64
3342,2006-06-19,831.93
3343,2006-06-16,834.03
3344,2006-06-15,836.17
3345,2006-06-14,836.23
3346,2006-06-13,839.19
3347,2006-06-12,838.86
3348,2006-06-09,838.52
3349,2006-06-08,837.49
3350,2006-06-07,835.79
3351,2006-06-05,844.45
3352,2006-06-02,840.57
3353,2006-06-01,840.62
3354,2006-05-30,845.95
3355,2006-05-29,843.26
3356,2006-05-26,844.44
3357,2006-05-25,842.22
3358,2006-05-24,846.13
3359,2006-05-23,848.91
3360,2006-05-22,843.64
3361,2006-05-19,852.91
3362,2006-05-18,855.23
3363,2006-05-17,856.24
3364,2006-05-16,856.97
3365,2006-05-15,860.01
3366,2006-05-12,847.22
3367,2006-05-11,841.22
3368,2006-05-10,839.06
3369,2006-05-09,833.56
3370,2006-05-08,831.91
3371,2006-05-04,823.49
3372,2006-05-03,826.52
3373,2006-05-02,824.79
3374,2006-04-28,825.59
3375,2006-04-27,824.09
3376,2006-04-26,821.76
3377,2006-04-25,825.85
3378,2006-04-24,817.79
3379,2006-04-21,806.5
3380,2006-04-20,805.93
3381,2006-04-19,808.14
3382,2006-04-18,809.47
3383,2006-04-17,807.78
3384,2006-04-14,807.48
3385,2006-04-13,811.87
3386,2006-04-12,813.14
3387,2006-04-11,806.27
3388,2006-04-10,807.66
3389,2006-04-07,809.79
3390,2006-04-06,810.69
3391,2006-04-05,819.4
3392,2006-04-04,818.0
3393,2006-04-03,818.34
3394,2006-03-31,826.82
3395,2006-03-30,829.1
3396,2006-03-29,828.38
3397,2006-03-28,835.8
3398,2006-03-27,836.29
3399,2006-03-24,830.32
3400,2006-03-23,833.28
3401,2006-03-22,830.65
3402,2006-03-21,830.6
3403,2006-03-20,831.48
3404,2006-03-17,832.01
3405,2006-03-16,827.46
3406,2006-03-15,828.98
3407,2006-03-14,824.47
3408,2006-03-13,824.7
3409,2006-03-10,828.36
3410,2006-03-09,833.15
3411,2006-03-08,834.69
3412,2006-03-07,830.09
3413,2006-03-06,833.68
3414,2006-03-03,834.45
3415,2006-03-02,833.56
3416,2006-02-28,834.97
3417,2006-02-27,833.48
3418,2006-02-24,828.32
3419,2006-02-23,824.35
3420,2006-02-22,821.88
3421,2006-02-21,817.11
3422,2006-02-20,818.55
3423,2006-02-17,823.43
3424,2006-02-16,827.12
3425,2006-02-15,827.81
3426,2006-02-14,827.49
3427,2006-02-13,828.64
3428,2006-02-10,821.21
3429,2006-02-09,819.96
3430,2006-02-08,825.16
3431,2006-02-07,814.1
3432,2006-02-06,810.82
3433,2006-02-03,819.03
3434,2006-02-02,820.46
3435,2006-02-01,819.48
3436,2006-01-31,820.87
3437,2006-01-27,833.66
3438,2006-01-26,837.44
3439,2006-01-25,842.08
3440,2006-01-24,850.92
3441,2006-01-23,854.57
3442,2006-01-20,853.26
3443,2006-01-19,854.74
3444,2006-01-18,858.22
3445,2006-01-17,860.69
3446,2006-01-16,859.13
3447,2006-01-13,862.33
3448,2006-01-12,855.06
3449,2006-01-11,857.98
3450,2006-01-10,857.35
3451,2006-01-09,856.18
3452,2006-01-06,851.22
3453,2006-01-05,850.53
3454,2006-01-04,860.39
3455,2006-01-03,856.53
3456,2006-01-02,856.71
3457,2005-12-30,856.13
3458,2005-12-29,858.38
3459,2005-12-28,863.85
3460,2005-12-27,863.83
3461,2005-12-26,867.98
3462,2005-12-23,869.06
3463,2005-12-22,865.38
3464,2005-12-21,869.82
3465,2005-12-20,871.63
3466,2005-12-19,873.79
3467,2005-12-16,876.94
3468,2005-12-15,864.6
3469,2005-12-14,855.56
3470,2005-12-13,855.5
3471,2005-12-12,855.36
3472,2005-12-09,857.36
3473,2005-12-08,856.58
3474,2005-12-07,855.42
3475,2005-12-06,854.85
3476,2005-12-05,854.13
3477,2005-12-02,860.75
3478,2005-12-01,863.11
3479,2005-11-30,865.58
3480,2005-11-29,869.16
3481,2005-11-28,866.43
3482,2005-11-25,873.05
3483,2005-11-24,873.29
3484,2005-11-23,874.49
3485,2005-11-22,876.99
3486,2005-11-21,871.17
3487,2005-11-18,869.5
3488,2005-11-17,870.68
3489,2005-11-16,868.91
3490,2005-11-15,870.28
3491,2005-11-14,879.81
3492,2005-11-11,884.42
3493,2005-11-10,886.99
3494,2005-11-09,891.05
3495,2005-11-08,889.53
3496,2005-11-07,889.56
3497,2005-11-04,890.62
3498,2005-11-03,892.58
3499,2005-11-02,889.37
3500,2005-11-01,893.76
3501,2005-10-31,898.74
3502,2005-10-28,904.22
3503,2005-10-27,903.06
3504,2005-10-26,905.66
3505,2005-10-25,912.0
3506,2005-10-24,915.31
3507,2005-10-21,917.04
3508,2005-10-20,913.48
3509,2005-10-19,909.47
3510,2005-10-18,910.85
3511,2005-10-17,916.43
3512,2005-10-14,911.95
3513,2005-10-13,912.87
3514,2005-10-12,908.85
3515,2005-10-11,912.09
3516,2005-10-10,912.84
3517,2005-10-07,914.64
3518,2005-10-06,915.63
3519,2005-10-05,911.57
3520,2005-10-04,911.88
3521,2005-09-30,919.04
3522,2005-09-29,918.43
3523,2005-09-28,918.45
3524,2005-09-27,917.21
3525,2005-09-26,920.88
3526,2005-09-23,922.09
3527,2005-09-22,922.36
3528,2005-09-21,923.5
3529,2005-09-20,924.83
3530,2005-09-16,929.29
3531,2005-09-15,926.16
3532,2005-09-14,926.19
3533,2005-09-13,927.65
3534,2005-09-12,933.68
3535,2005-09-09,928.75
3536,2005-09-08,930.85
3537,2005-09-07,934.85
3538,2005-09-06,935.25
3539,2005-09-05,935.93
3540,2005-09-02,933.77
3541,2005-09-01,935.13
3542,2005-08-31,932.72
3543,2005-08-30,931.88
3544,2005-08-29,935.33
3545,2005-08-26,934.33
3546,2005-08-25,931.33
3547,2005-08-24,929.46
3548,2005-08-23,934.67
3549,2005-08-22,927.95
3550,2005-08-19,927.93
3551,2005-08-18,923.56
3552,2005-08-17,924.61
3553,2005-08-16,929.4
3554,2005-08-12,923.06
3555,2005-08-11,919.29
3556,2005-08-10,912.01
3557,2005-08-09,905.59
3558,2005-08-08,904.4
3559,2005-08-05,909.74
3560,2005-08-04,910.37
3561,2005-08-03,910.74
3562,2005-08-02,914.5
3563,2005-08-01,913.01
3564,2005-07-29,915.31
3565,2005-07-28,913.69
3566,2005-07-27,914.33
3567,2005-07-26,917.53
3568,2005-07-25,914.35
3569,2005-07-22,920.66
3570,2005-07-21,919.14
3571,2005-07-20,921.57
3572,2005-07-19,925.67
3573,2005-07-18,922.53
3574,2005-07-15,931.03
3575,2005-07-14,922.24
3576,2005-07-13,932.63
3577,2005-07-12,934.13
3578,2005-07-11,932.37
3579,2005-07-08,938.6
3580,2005-07-07,937.89
3581,2005-07-06,939.06
3582,2005-07-05,940.43
3583,2005-07-04,934.53
3584,2005-07-01,927.35
3585,2005-06-30,930.49
3586,2005-06-29,932.31
3587,2005-06-28,930.04
3588,2005-06-27,926.25
3589,2005-06-24,928.77
3590,2005-06-23,928.22
3591,2005-06-22,930.47
3592,2005-06-21,926.62
3593,2005-06-20,926.23
3594,2005-06-17,926.05
3595,2005-06-16,927.48
3596,2005-06-15,926.92
3597,2005-06-14,926.16
3598,2005-06-13,932.04
3599,2005-06-10,935.39
3600,2005-06-09,936.27
3601,2005-06-08,940.26
3602,2005-06-07,942.49
3603,2005-06-03,934.71
3604,2005-06-02,933.46
3605,2005-06-01,932.29
3606,2005-05-31,930.23
3607,2005-05-30,928.67
3608,2005-05-27,929.53
3609,2005-05-26,927.5
3610,2005-05-25,931.22
3611,2005-05-24,930.28
3612,2005-05-23,929.23
3613,2005-05-20,933.46
3614,2005-05-19,937.94
3615,2005-05-18,933.77
3616,2005-05-17,936.95
3617,2005-05-16,937.3
3618,2005-05-13,936.76
3619,2005-05-12,941.34
3620,2005-05-11,946.26
3621,2005-05-10,942.9
3622,2005-05-09,950.34
3623,2005-05-06,953.38
3624,2005-05-04,954.92
3625,2005-05-03,952.76
3626,2005-05-02,950.62
3627,2005-04-29,945.75
3628,2005-04-28,946.3
3629,2005-04-27,943.37
3630,2005-04-26,944.14
3631,2005-04-25,942.98
3632,2005-04-22,940.52
3633,2005-04-21,941.25
3634,2005-04-20,943.34
3635,2005-04-19,944.83
3636,2005-04-18,945.3
3637,2005-04-15,942.83
3638,2005-04-14,941.8
3639,2005-04-13,941.28
3640,2005-04-12,940.76
3641,2005-04-11,935.87
3642,2005-04-08,934.03
3643,2005-04-07,933.27
3644,2005-04-06,939.11
3645,2005-04-04,940.85
3646,2005-04-01,937.5
3647,2005-03-31,947.74
3648,2005-03-30,954.41
3649,2005-03-29,950.65
3650,2005-03-28,950.28
3651,2005-03-25,953.07
3652,2005-03-24,953.25
3653,2005-03-23,957.37
3654,2005-03-22,959.96
3655,2005-03-21,961.04
3656,2005-03-18,958.87
3657,2005-03-17,959.82
3658,2005-03-16,960.94
3659,2005-03-15,957.46
3660,2005-03-14,957.06
3661,2005-03-11,960.26
3662,2005-03-10,961.08
3663,2005-03-09,956.35
3664,2005-03-08,956.02
3665,2005-03-07,958.13
3666,2005-03-04,955.91
3667,2005-03-03,959.57
3668,2005-03-02,962.08
3669,2005-02-28,961.3
3670,2005-02-25,956.38
3671,2005-02-24,960.68
3672,2005-02-23,958.1
3673,2005-02-22,961.23
3674,2005-02-21,968.39
3675,2005-02-18,970.71
3676,2005-02-17,973.89
3677,2005-02-16,975.94
3678,2005-02-15,978.08
3679,2005-02-14,977.22
3680,2005-02-11,977.3
3681,2005-02-07,983.42
3682,2005-02-04,982.58
3683,2005-02-03,984.16
3684,2005-02-02,990.46
3685,2005-02-01,990.27
3686,2005-01-31,990.44
3687,2005-01-28,992.06
3688,2005-01-27,995.45
3689,2005-01-26,995.75
3690,2005-01-25,1000.1
3691,2005-01-24,1003.6
3692,2005-01-21,1002.9
3693,2005-01-20,1006.92
3694,2005-01-19,1005.56
3695,2005-01-18,1009.65
3696,2005-01-17,1013.7
3697,2005-01-14,1011.94
3698,2005-01-13,1012.3
3699,2005-01-12,1008.03
3700,2005-01-11,1003.84
3701,2005-01-10,1006.5
3702,2005-01-07,1003.92
3703,2005-01-06,1013.11
3704,2005-01-05,1002.88
3705,2005-01-04,1011.0
3706,2005-01-03,1009.82
3707,2004-12-31,1009.46
3708,2004-12-30,1004.63
3709,2004-12-29,1008.33
3710,2004-12-28,1011.16
3711,2004-12-27,1009.06
3712,2004-12-24,1009.93
3713,2004-12-23,1009.9
3714,2004-12-22,1008.62
3715,2004-12-21,1015.88
3716,2004-12-20,1012.83
3717,2004-12-17,1014.45
3718,2004-12-16,1012.75
3719,2004-12-15,1008.36
3720,2004-12-14,1009.06
3721,2004-12-13,1010.47
3722,2004-12-10,1013.0
3723,2004-12-09,1014.03
3724,2004-12-08,1023.3
3725,2004-12-07,1016.69
3726,2004-12-06,1017.6
3727,2004-12-03,1009.76
3728,2004-12-02,1019.28
3729,2004-12-01,1018.2
3730,2004-11-30,1016.98
3731,2004-11-29,1017.29
3732,2004-11-26,1022.26
3733,2004-11-25,1029.21
3734,2004-11-24,1030.73
3735,2004-11-23,1030.75
3736,2004-11-22,1031.47
3737,2004-11-19,1026.81
3738,2004-11-18,1026.99
3739,2004-11-17,1026.48
3740,2004-11-16,1033.75
3741,2004-11-15,1037.04
3742,2004-11-12,1041.69
3743,2004-11-11,1039.2
3744,2004-11-10,1049.03
3745,2004-11-09,1044.49
3746,2004-11-08,1048.18
3747,2004-11-05,1046.65
3748,2004-11-04,1047.61
3749,2004-11-03,1050.15
3750,2004-11-02,1048.04
3751,2004-11-01,1052.88
3752,2004-10-29,1055.43
3753,2004-10-28,1059.32
3754,2004-10-27,1056.53
3755,2004-10-26,1060.93
3756,2004-10-25,1063.66
3757,2004-10-22,1059.55
3758,2004-10-21,1058.83
3759,2004-10-20,1054.24
3760,2004-10-19,1046.33
3761,2004-10-18,1046.63
3762,2004-10-15,1045.12
3763,2004-10-14,1044.16
3764,2004-10-13,1044.15
3765,2004-10-12,1044.0
3766,2004-10-11,1049.16
3767,2004-10-08,1039.67
3768,2004-10-07,1034.17
3769,2004-10-06,1036.33
3770,2004-10-05,1035.52
3771,2004-10-04,1038.15
3772,2004-10-01,1041.63
3773,2004-09-30,1038.97
3774,2004-09-24,1038.49
3775,2004-09-23,1035.88
3776,2004-09-22,1041.98
3777,2004-09-21,1041.88
3778,2004-09-20,1043.23
3779,2004-09-17,1045.5
3780,2004-09-16,1041.4
3781,2004-09-15,1044.55
3782,2004-09-14,1041.95
3783,2004-09-13,1044.99
3784,2004-09-10,1041.07
3785,2004-09-09,1046.52
3786,2004-09-08,1050.49
3787,2004-09-07,1049.04
3788,2004-09-06,1046.48
3789,2004-09-03,1047.65
3790,2004-09-02,1050.59
3791,2004-09-01,1052.74
3792,2004-08-31,1050.57
3793,2004-08-30,1047.17
3794,2004-08-27,1054.61
3795,2004-08-26,1047.77
3796,2004-08-25,1055.21
3797,2004-08-24,1051.2
3798,2004-08-23,1054.88
3799,2004-08-20,1057.05
3800,2004-08-19,1055.56
3801,2004-08-18,1053.79
3802,2004-08-17,1049.03
3803,2004-08-16,1046.4
3804,2004-08-13,1038.42
3805,2004-08-12,1045.32
3806,2004-08-11,1042.71
3807,2004-08-10,1043.08
3808,2004-08-09,1048.42
3809,2004-08-06,1041.94
3810,2004-08-05,1048.86
3811,2004-08-04,1048.4
3812,2004-08-03,1048.13
3813,2004-08-02,1046.82
3814,2004-07-30,1046.7
3815,2004-07-29,1046.11
3816,2004-07-28,1050.95
3817,2004-07-27,1059.87
3818,2004-07-26,1059.97
3819,2004-07-23,1061.24
3820,2004-07-22,1059.42
3821,2004-07-21,1067.12
3822,2004-07-20,1069.47
3823,2004-07-19,1068.59
3824,2004-07-16,1060.95
3825,2004-07-15,1061.05
3826,2004-07-14,1054.89
3827,2004-07-13,1056.8
3828,2004-07-12,1064.27
3829,2004-07-09,1062.2
3830,2004-07-08,1056.5
3831,2004-07-07,1059.6
3832,2004-07-06,1055.76
3833,2004-07-05,1059.95
3834,2004-07-02,1059.53
3835,2004-07-01,1065.93
3836,2004-06-30,1061.65
3837,2004-06-29,1063.82
3838,2004-06-28,1068.81
3839,2004-06-25,1069.58
3840,2004-06-24,1067.42
3841,2004-06-23,1068.64
3842,2004-06-22,1065.69
3843,2004-06-21,1066.08
3844,2004-06-18,1059.07
3845,2004-06-17,1055.45
3846,2004-06-16,1055.17
3847,2004-06-15,1050.0
3848,2004-06-14,1047.02
3849,2004-06-11,1053.78
3850,2004-06-10,1053.43
3851,2004-06-09,1058.41
3852,2004-06-08,1054.84
3853,2004-06-07,1052.1
3854,2004-06-04,1047.05
3855,2004-06-03,1051.57
3856,2004-06-02,1053.74
3857,2004-06-01,1058.84
3858,2004-05-31,1059.55
3859,2004-05-28,1053.54
3860,2004-05-27,1050.66
3861,2004-05-25,1045.26
3862,2004-05-24,1044.54
3863,2004-05-21,1050.03
3864,2004-05-20,1038.92
3865,2004-05-19,1036.21
3866,2004-05-18,1038.76
3867,2004-05-17,1040.99
3868,2004-05-14,1036.77
3869,2004-05-13,1039.18
3870,2004-05-12,1046.96
3871,2004-05-11,1048.35
3872,2004-05-10,1048.01
3873,2004-05-07,1060.3
3874,2004-05-06,1067.76
3875,2004-05-04,1059.12
3876,2004-05-03,1064.11
3877,2004-04-30,1063.35
3878,2004-04-29,1061.09
3879,2004-04-28,1058.3
3880,2004-04-27,1061.95
3881,2004-04-26,1058.27
3882,2004-04-23,1058.58
3883,2004-04-22,1059.18
3884,2004-04-21,1062.18
3885,2004-04-20,1065.03
3886,2004-04-19,1069.63
3887,2004-04-16,1070.2
3888,2004-04-14,1072.87
3889,2004-04-13,1082.12
3890,2004-04-12,1074.13
